stageId,loadout,winRate,avgSec,avgArkHp,star2Rate,star3Rate,avgKills,avgDrafts
1-1,recommended,100.0,37.6,30.0,100.0,90.0,22.0,1.00
1-1,balanced,100.0,40.9,30.0,100.0,86.7,22.0,1.00
1-1,physical_only,100.0,37.1,30.0,100.0,90.0,22.0,1.00
1-1,arcane_heavy,100.0,38.9,30.0,100.0,90.0,22.0,1.00
1-1,holy_heavy,100.0,50.3,30.0,90.0,6.7,22.0,1.00
1-1,no_blocker,100.0,37.4,30.0,100.0,90.0,22.0,1.00
1-1,spam_cheapest,100.0,51.9,30.0,93.3,10.0,22.0,1.00
1-1,all_expensive,100.0,44.6,30.0,100.0,66.7,22.0,1.00
1-1,turtle,100.0,49.0,30.0,90.0,3.3,22.0,1.00
1-1,siege_heavy,100.0,57.9,30.0,90.0,0.0,22.0,1.00
1-1,c_only,100.0,40.9,30.0,100.0,86.7,22.0,1.00
1-1,r_only,100.0,36.8,30.0,100.0,90.0,22.0,1.00
1-2,recommended,100.0,45.4,36.0,100.0,90.0,25.0,1.00
1-2,balanced,100.0,47.0,36.0,100.0,80.0,25.0,1.00
1-2,physical_only,100.0,44.3,36.0,100.0,90.0,25.0,1.00
1-2,arcane_heavy,100.0,45.0,36.0,100.0,90.0,25.0,1.00
1-2,holy_heavy,100.0,49.3,36.0,100.0,86.7,25.0,1.00
1-2,no_blocker,100.0,43.2,36.0,100.0,90.0,25.0,1.00
1-2,spam_cheapest,100.0,57.1,36.0,90.0,0.0,25.0,1.00
1-2,all_expensive,100.0,52.1,35.7,83.3,56.7,24.8,1.00
1-2,turtle,100.0,56.1,36.0,90.0,6.7,25.0,1.00
1-2,siege_heavy,100.0,67.1,36.0,90.0,0.0,25.0,1.00
1-2,c_only,100.0,52.4,36.0,93.3,56.7,25.0,1.00
1-2,r_only,100.0,43.5,36.0,100.0,90.0,25.0,1.00
1-3,recommended,100.0,44.0,60.0,100.0,90.0,31.0,1.00
1-3,balanced,100.0,47.7,60.0,100.0,80.0,31.0,1.00
1-3,physical_only,100.0,44.8,60.0,100.0,90.0,31.0,1.00
1-3,arcane_heavy,100.0,48.7,60.0,100.0,86.7,31.0,1.00
1-3,holy_heavy,100.0,58.3,60.0,90.0,6.7,31.0,1.00
1-3,no_blocker,100.0,47.4,60.0,100.0,90.0,31.0,1.00
1-3,spam_cheapest,100.0,64.0,60.0,90.0,0.0,31.0,1.00
1-3,all_expensive,100.0,53.1,58.0,70.0,23.3,30.0,1.00
1-3,turtle,100.0,60.5,60.0,90.0,0.0,31.0,1.00
1-3,siege_heavy,100.0,70.9,60.0,90.0,0.0,31.0,1.00
1-3,c_only,100.0,52.0,60.0,100.0,66.7,31.0,1.00
1-3,r_only,100.0,46.2,60.0,100.0,90.0,31.0,1.00
1-4,recommended,100.0,55.3,100.0,100.0,86.7,40.0,2.00
1-4,balanced,100.0,57.3,100.0,100.0,80.0,40.0,2.00
1-4,physical_only,100.0,54.6,100.0,100.0,86.7,40.0,2.00
1-4,arcane_heavy,100.0,59.9,100.0,93.3,43.3,40.0,2.00
1-4,holy_heavy,100.0,78.2,100.0,90.0,3.3,40.0,2.00
1-4,no_blocker,100.0,54.6,100.0,100.0,90.0,40.0,2.00
1-4,spam_cheapest,100.0,158.3,100.0,90.0,0.0,40.0,2.00
1-4,all_expensive,100.0,64.2,99.3,76.7,6.7,39.8,2.00
1-4,turtle,100.0,78.1,100.0,90.0,0.0,40.0,2.00
1-4,siege_heavy,100.0,91.4,100.0,90.0,0.0,40.0,2.00
1-4,c_only,100.0,59.2,100.0,96.7,63.3,40.0,2.00
1-4,r_only,100.0,58.2,100.0,93.3,73.3,40.0,2.00
1-5,recommended,100.0,67.1,100.0,100.0,86.7,36.0,2.00
1-5,balanced,100.0,74.5,100.0,93.3,36.7,36.0,2.00
1-5,physical_only,100.0,76.8,100.0,90.0,13.3,36.0,2.00
1-5,arcane_heavy,100.0,72.4,100.0,100.0,43.3,36.0,2.00
1-5,holy_heavy,100.0,96.7,100.0,90.0,0.0,36.0,2.00
1-5,no_blocker,100.0,63.4,100.0,100.0,90.0,36.0,2.00
1-5,spam_cheapest,3.3,342.9,100.0,3.3,0.0,29.8,2.00
1-5,all_expensive,100.0,79.1,100.0,90.0,6.7,36.0,2.00
1-5,turtle,100.0,106.0,100.0,90.0,0.0,36.0,2.00
1-5,siege_heavy,100.0,109.4,100.0,90.0,0.0,36.0,2.00
1-5,c_only,100.0,71.0,100.0,100.0,76.7,36.0,2.00
1-5,r_only,100.0,66.0,100.0,100.0,86.7,36.0,2.00
1-6,recommended,100.0,81.8,100.0,100.0,76.7,74.0,3.00
1-6,balanced,100.0,80.6,100.0,100.0,76.7,74.0,3.00
1-6,physical_only,100.0,79.3,100.0,100.0,80.0,74.0,3.00
1-6,arcane_heavy,100.0,83.2,100.0,96.7,66.7,74.0,3.00
1-6,holy_heavy,100.0,100.9,100.0,83.3,3.3,74.0,3.00
1-6,no_blocker,100.0,76.9,100.0,100.0,83.3,74.0,3.00
1-6,spam_cheapest,100.0,243.2,8.0,0.0,0.0,51.0,3.00
1-6,all_expensive,100.0,92.5,9.4,16.7,0.0,51.3,3.00
1-6,turtle,100.0,114.0,8.0,0.0,0.0,51.0,3.00
1-6,siege_heavy,100.0,115.5,58.9,0.0,0.0,63.7,3.00
1-6,c_only,100.0,79.8,87.3,90.0,3.3,70.8,3.00
1-6,r_only,100.0,80.0,100.0,100.0,80.0,74.0,3.00
1-7,recommended,100.0,100.8,100.0,96.7,76.7,86.0,4.00
1-7,balanced,100.0,104.4,100.0,90.0,60.0,86.0,4.00
1-7,physical_only,100.0,102.3,100.0,96.7,73.3,86.0,4.00
1-7,arcane_heavy,100.0,102.1,100.0,96.7,70.0,86.0,4.00
1-7,holy_heavy,100.0,121.1,90.7,10.0,3.3,83.7,4.00
1-7,no_blocker,100.0,100.0,100.0,96.7,80.0,86.0,4.00
1-7,spam_cheapest,0.0,0.0,0.0,0.0,0.0,14.4,3.00
1-7,all_expensive,6.7,113.2,21.5,0.0,0.0,27.9,3.07
1-7,turtle,0.0,0.0,0.0,0.0,0.0,18.4,3.00
1-7,siege_heavy,100.0,131.8,67.2,0.0,0.0,77.8,4.00
1-7,c_only,100.0,101.3,77.3,90.0,3.3,80.3,4.00
1-7,r_only,100.0,100.0,100.0,96.7,76.7,86.0,4.00
1-8,recommended,100.0,129.5,100.0,96.7,66.7,101.0,5.00
1-8,balanced,100.0,130.4,100.0,93.3,63.3,101.0,5.00
1-8,physical_only,100.0,130.3,100.0,93.3,63.3,101.0,5.00
1-8,arcane_heavy,100.0,130.4,100.0,90.0,63.3,101.0,5.00
1-8,holy_heavy,100.0,144.2,83.3,10.0,3.3,96.8,5.00
1-8,no_blocker,100.0,128.2,100.0,96.7,76.7,101.0,5.00
1-8,spam_cheapest,0.0,0.0,0.0,0.0,0.0,4.8,4.20
1-8,all_expensive,10.0,145.4,18.7,0.0,0.0,46.6,4.30
1-8,turtle,0.0,0.0,0.0,0.0,0.0,22.6,4.20
1-8,siege_heavy,100.0,181.2,38.9,0.0,0.0,85.7,5.00
1-8,c_only,100.0,131.9,64.5,53.3,0.0,92.1,5.00
1-8,r_only,100.0,128.6,100.0,96.7,73.3,101.0,5.00
1-9,recommended,80.0,169.7,102.0,70.0,3.3,144.2,6.00
1-9,balanced,46.7,188.2,93.1,36.7,0.0,116.2,6.00
1-9,physical_only,6.7,195.4,94.0,3.3,0.0,91.1,6.00
1-9,arcane_heavy,23.3,184.7,90.3,13.3,0.0,104.9,6.00
1-9,holy_heavy,3.3,224.2,76.0,0.0,0.0,53.5,6.00
1-9,no_blocker,3.3,160.2,100.0,3.3,0.0,81.5,6.00
1-9,spam_cheapest,0.0,0.0,0.0,0.0,0.0,11.2,6.00
1-9,all_expensive,6.7,173.6,48.5,0.0,0.0,46.8,5.93
1-9,turtle,3.3,308.9,92.0,0.0,0.0,47.5,6.00
1-9,siege_heavy,3.3,177.8,52.0,0.0,0.0,42.5,6.00
1-9,c_only,0.0,0.0,0.0,0.0,0.0,57.0,6.00
1-9,r_only,6.7,181.7,94.0,0.0,0.0,90.8,6.00
1-10,recommended,100.0,149.6,100.0,83.3,10.0,101.0,4.00
1-10,balanced,100.0,166.7,100.0,80.0,0.0,101.0,4.00
1-10,physical_only,100.0,160.5,100.0,80.0,0.0,101.0,4.00
1-10,arcane_heavy,100.0,159.6,100.0,80.0,6.7,100.8,4.00
1-10,holy_heavy,100.0,189.3,89.4,0.0,0.0,97.2,4.00
1-10,no_blocker,100.0,138.3,99.8,83.3,56.7,100.9,4.00
1-10,spam_cheapest,0.0,0.0,0.0,0.0,0.0,23.4,4.00
1-10,all_expensive,100.0,156.8,38.5,3.3,0.0,83.3,4.00
1-10,turtle,100.0,178.2,48.0,0.0,0.0,87.9,4.00
1-10,siege_heavy,100.0,185.6,60.9,0.0,0.0,91.2,4.00
1-10,c_only,100.0,145.5,81.9,33.3,3.3,96.5,4.00
1-10,r_only,100.0,135.8,100.0,100.0,53.3,101.0,4.00
1-11,recommended,100.0,129.3,100.0,93.3,70.0,116.0,5.00
1-11,balanced,100.0,132.7,100.0,90.0,53.3,116.0,5.00
1-11,physical_only,100.0,129.5,100.0,96.7,70.0,116.0,5.00
1-11,arcane_heavy,100.0,131.2,100.0,93.3,46.7,116.0,5.00
1-11,holy_heavy,100.0,151.1,84.9,6.7,3.3,112.2,5.00
1-11,no_blocker,100.0,129.1,99.8,93.3,66.7,115.9,5.00
1-11,spam_cheapest,0.0,0.0,0.0,0.0,0.0,26.1,4.00
1-11,all_expensive,0.0,0.0,0.0,0.0,0.0,33.9,4.00
1-11,turtle,0.0,0.0,0.0,0.0,0.0,29.0,4.00
1-11,siege_heavy,100.0,158.0,59.5,0.0,0.0,105.9,5.00
1-11,c_only,100.0,129.2,61.7,86.7,3.3,106.4,5.00
1-11,r_only,100.0,128.9,99.9,96.7,66.7,116.0,5.00
1-12,recommended,100.0,130.9,100.0,96.7,63.3,83.0,5.00
1-12,balanced,100.0,132.1,100.0,90.0,53.3,83.0,5.00
1-12,physical_only,100.0,130.7,100.0,96.7,63.3,83.0,5.00
1-12,arcane_heavy,100.0,130.2,100.0,96.7,70.0,83.0,5.00
1-12,holy_heavy,100.0,153.8,100.0,80.0,6.7,83.0,5.00
1-12,no_blocker,100.0,128.5,100.0,96.7,76.7,83.0,5.00
1-12,spam_cheapest,0.0,0.0,0.0,0.0,0.0,1.8,5.00
1-12,all_expensive,100.0,139.6,97.2,70.0,13.3,82.4,5.00
1-12,turtle,100.0,170.3,100.0,80.0,0.0,83.0,5.00
1-12,siege_heavy,100.0,166.3,99.3,70.0,0.0,82.9,5.00
1-12,c_only,100.0,131.2,100.0,93.3,56.7,83.0,5.00
1-12,r_only,100.0,128.8,100.0,96.7,70.0,83.0,5.00
1-13,recommended,100.0,130.6,100.0,90.0,63.3,149.0,5.00
1-13,balanced,100.0,134.9,100.0,90.0,33.3,149.0,5.00
1-13,physical_only,100.0,130.5,100.0,90.0,63.3,149.0,5.00
1-13,arcane_heavy,100.0,132.8,100.0,86.7,36.7,149.0,5.00
1-13,holy_heavy,100.0,152.3,81.7,0.0,0.0,144.4,5.00
1-13,no_blocker,100.0,130.4,100.0,93.3,63.3,149.0,5.00
1-13,spam_cheapest,0.0,0.0,0.0,0.0,0.0,23.5,3.00
1-13,all_expensive,0.0,0.0,0.0,0.0,0.0,21.6,3.00
1-13,turtle,0.0,0.0,0.0,0.0,0.0,23.5,3.00
1-13,siege_heavy,90.0,157.0,32.4,0.0,0.0,122.2,4.90
1-13,c_only,96.7,130.1,31.3,76.7,3.3,130.3,4.97
1-13,r_only,100.0,130.3,99.9,90.0,56.7,148.9,5.00
1-14,recommended,100.0,129.5,100.0,96.7,70.0,94.0,5.00
1-14,balanced,100.0,134.9,100.0,86.7,43.3,94.0,5.00
1-14,physical_only,100.0,135.9,100.0,83.3,36.7,94.0,5.00
1-14,arcane_heavy,100.0,136.3,100.0,86.7,33.3,94.0,5.00
1-14,holy_heavy,100.0,165.2,99.3,73.3,3.3,93.9,5.00
1-14,no_blocker,100.0,129.4,99.5,93.3,60.0,93.8,5.00
1-14,spam_cheapest,0.0,0.0,0.0,0.0,0.0,25.6,5.00
1-14,all_expensive,100.0,144.2,89.6,10.0,0.0,91.0,5.00
1-14,turtle,100.0,170.1,100.0,80.0,0.0,94.0,5.00
1-14,siege_heavy,100.0,164.4,96.0,66.7,0.0,93.5,5.00
1-14,c_only,100.0,130.4,100.0,93.3,63.3,94.0,5.00
1-14,r_only,100.0,129.1,97.5,96.7,40.0,93.2,5.00
1-15,recommended,100.0,129.6,96.0,86.7,16.7,88.0,5.00
1-15,balanced,100.0,133.3,100.0,83.3,40.0,89.0,5.00
1-15,physical_only,100.0,130.2,97.1,86.7,13.3,88.3,5.00
1-15,arcane_heavy,100.0,131.6,100.0,93.3,56.7,89.0,5.00
1-15,holy_heavy,100.0,156.6,73.6,3.3,0.0,82.4,5.00
1-15,no_blocker,100.0,128.8,100.0,96.7,70.0,89.0,5.00
1-15,spam_cheapest,0.0,0.0,0.0,0.0,0.0,1.2,4.07
1-15,all_expensive,10.0,146.0,14.7,0.0,0.0,36.2,4.17
1-15,turtle,0.0,0.0,0.0,0.0,0.0,15.3,4.07
1-15,siege_heavy,100.0,174.3,29.3,0.0,0.0,71.3,5.00
1-15,c_only,100.0,129.3,33.5,86.7,0.0,72.4,5.00
1-15,r_only,100.0,128.9,100.0,96.7,73.3,89.0,5.00
1-16,recommended,100.0,130.7,100.0,96.7,60.0,81.0,5.00
1-16,balanced,100.0,132.7,100.0,86.7,46.7,81.0,5.00
1-16,physical_only,100.0,134.2,100.0,83.3,40.0,81.0,5.00
1-16,arcane_heavy,100.0,138.4,100.0,80.0,30.0,81.0,5.00
1-16,holy_heavy,100.0,161.1,99.2,70.0,6.7,80.9,5.00
1-16,no_blocker,100.0,129.3,100.0,96.7,70.0,81.0,5.00
1-16,spam_cheapest,0.0,0.0,0.0,0.0,0.0,2.3,5.00
1-16,all_expensive,100.0,143.5,92.9,40.0,6.7,79.6,5.00
1-16,turtle,100.0,175.5,100.0,80.0,0.0,81.0,5.00
1-16,siege_heavy,80.0,166.7,79.1,33.3,0.0,68.5,5.00
1-16,c_only,100.0,130.3,100.0,96.7,63.3,81.0,5.00
1-16,r_only,100.0,128.8,100.0,96.7,73.3,81.0,5.00
1-17,recommended,100.0,129.6,100.0,93.3,70.0,98.0,5.00
1-17,balanced,100.0,136.2,100.0,86.7,46.7,98.0,5.00
1-17,physical_only,100.0,131.6,100.0,86.7,63.3,98.0,5.00
1-17,arcane_heavy,100.0,131.2,100.0,96.7,63.3,98.0,5.00
1-17,holy_heavy,100.0,156.4,77.3,6.7,0.0,92.3,5.00
1-17,no_blocker,100.0,129.1,99.7,93.3,66.7,97.9,5.00
1-17,spam_cheapest,0.0,0.0,0.0,0.0,0.0,22.3,5.00
1-17,all_expensive,100.0,138.1,7.9,16.7,0.0,74.3,5.00
1-17,turtle,100.0,174.0,16.0,0.0,0.0,77.0,5.00
1-17,siege_heavy,100.0,166.8,43.5,0.0,0.0,83.9,5.00
1-17,c_only,100.0,128.8,60.4,93.3,3.3,88.1,5.00
1-17,r_only,100.0,129.0,100.0,96.7,70.0,98.0,5.00
1-18,recommended,100.0,129.5,100.0,96.7,70.0,104.0,5.00
1-18,balanced,100.0,134.5,100.0,83.3,36.7,104.0,5.00
1-18,physical_only,100.0,132.7,100.0,86.7,50.0,104.0,5.00
1-18,arcane_heavy,100.0,131.7,100.0,90.0,56.7,104.0,5.00
1-18,holy_heavy,100.0,159.3,72.3,3.3,0.0,97.0,5.00
1-18,no_blocker,100.0,129.1,99.2,96.7,43.3,103.6,5.00
1-18,spam_cheapest,0.0,0.0,0.0,0.0,0.0,24.5,5.00
1-18,all_expensive,100.0,138.4,8.8,13.3,0.0,79.4,5.00
1-18,turtle,100.0,177.1,16.0,0.0,0.0,83.0,5.00
1-18,siege_heavy,100.0,168.3,46.8,0.0,0.0,90.7,5.00
1-18,c_only,100.0,129.7,50.1,83.3,3.3,91.5,5.00
1-18,r_only,100.0,128.9,99.4,93.3,50.0,103.7,5.00
1-19,recommended,100.0,138.7,100.0,90.0,53.3,144.0,6.00
1-19,balanced,100.0,140.3,100.0,83.3,40.0,144.0,6.00
1-19,physical_only,100.0,145.0,99.9,76.7,23.3,144.0,6.00
1-19,arcane_heavy,100.0,141.9,100.0,83.3,40.0,144.0,6.00
1-19,holy_heavy,93.3,176.8,49.8,3.3,0.0,130.0,6.00
1-19,no_blocker,100.0,136.8,99.7,90.0,63.3,143.9,6.00
1-19,spam_cheapest,0.0,0.0,0.0,0.0,0.0,19.8,3.07
1-19,all_expensive,0.0,0.0,0.0,0.0,0.0,25.0,3.00
1-19,turtle,0.0,0.0,0.0,0.0,0.0,28.6,3.10
1-19,siege_heavy,63.3,169.6,30.5,0.0,0.0,86.6,5.13
1-19,c_only,96.7,139.8,29.8,53.3,0.0,123.7,5.93
1-19,r_only,100.0,137.3,99.5,86.7,56.7,143.8,6.00
1-20,recommended,100.0,209.4,93.2,10.0,0.0,107.3,6.00
1-20,balanced,100.0,256.7,100.0,80.0,0.0,109.0,6.00
1-20,physical_only,100.0,255.8,92.8,6.7,0.0,107.2,6.00
1-20,arcane_heavy,96.7,234.5,100.0,80.0,0.0,109.0,6.00
1-20,holy_heavy,96.7,297.0,58.6,0.0,0.0,97.5,6.00
1-20,no_blocker,20.0,203.2,100.0,16.7,0.0,108.2,6.00
1-20,spam_cheapest,0.0,0.0,0.0,0.0,0.0,2.2,4.00
1-20,all_expensive,6.7,226.9,4.0,0.0,0.0,41.9,4.17
1-20,turtle,0.0,0.0,0.0,0.0,0.0,17.2,4.00
1-20,siege_heavy,60.0,281.1,15.5,0.0,0.0,74.2,5.83
1-20,c_only,86.7,277.8,23.4,0.0,0.0,88.4,5.93
1-20,r_only,100.0,213.7,100.0,80.0,0.0,109.0,6.00
2-1,recommended,100.0,130.9,110.0,90.0,60.0,143.0,5.00
2-1,balanced,100.0,131.4,109.3,83.3,43.3,142.8,5.00
2-1,physical_only,100.0,130.8,109.5,86.7,50.0,142.8,5.00
2-1,arcane_heavy,100.0,131.2,110.0,90.0,53.3,143.0,5.00
2-1,holy_heavy,100.0,144.5,103.8,10.0,0.0,140.9,5.00
2-1,no_blocker,100.0,130.8,103.0,70.0,10.0,140.7,5.00
2-1,spam_cheapest,86.7,194.7,58.4,6.7,0.0,116.1,5.00
2-1,all_expensive,100.0,133.5,70.8,33.3,0.0,129.9,5.00
2-1,turtle,100.0,147.3,110.0,80.0,0.0,143.0,5.00
2-1,siege_heavy,100.0,146.9,99.7,30.0,3.3,139.6,5.00
2-1,c_only,100.0,130.8,109.5,86.7,50.0,142.8,5.00
2-1,r_only,100.0,130.8,102.8,70.0,6.7,140.6,5.00
2-2,recommended,100.0,130.2,110.0,96.7,63.3,146.0,5.00
2-2,balanced,100.0,131.4,110.0,93.3,53.3,146.0,5.00
2-2,physical_only,100.0,131.1,110.0,86.7,60.0,146.0,5.00
2-2,arcane_heavy,100.0,131.7,107.8,76.7,13.3,145.3,5.00
2-2,holy_heavy,80.0,143.7,80.6,13.3,0.0,120.9,4.97
2-2,no_blocker,100.0,130.1,108.4,90.0,50.0,145.5,5.00
2-2,spam_cheapest,0.0,0.0,0.0,0.0,0.0,13.7,4.03
2-2,all_expensive,100.0,132.9,74.7,40.0,0.0,135.8,5.00
2-2,turtle,93.3,156.3,77.0,26.7,0.0,131.1,5.00
2-2,siege_heavy,96.7,144.6,85.8,13.3,0.0,137.9,5.00
2-2,c_only,100.0,130.4,110.0,96.7,63.3,146.0,5.00
2-2,r_only,100.0,130.2,110.0,96.7,63.3,146.0,5.00
2-3,recommended,100.0,136.1,110.0,90.0,73.3,145.0,6.00
2-3,balanced,100.0,137.6,110.0,86.7,66.7,145.0,6.00
2-3,physical_only,100.0,136.4,110.0,90.0,66.7,145.0,6.00
2-3,arcane_heavy,100.0,138.2,110.0,86.7,66.7,145.0,6.00
2-3,holy_heavy,100.0,150.7,92.1,16.7,3.3,139.7,6.00
2-3,no_blocker,100.0,136.3,104.5,86.7,3.3,143.2,6.00
2-3,spam_cheapest,0.0,0.0,0.0,0.0,0.0,28.2,5.20
2-3,all_expensive,100.0,140.9,80.4,33.3,0.0,135.2,6.00
2-3,turtle,100.0,159.2,110.0,80.0,0.0,145.0,6.00
2-3,siege_heavy,100.0,150.8,106.9,63.3,3.3,144.0,6.00
2-3,c_only,100.0,136.5,110.0,90.0,73.3,145.0,6.00
2-3,r_only,100.0,136.0,109.9,90.0,70.0,145.0,6.00
2-4,recommended,100.0,136.8,110.0,86.7,70.0,138.0,6.00
2-4,balanced,100.0,142.2,110.0,83.3,43.3,138.0,6.00
2-4,physical_only,100.0,138.3,108.9,86.7,50.0,137.8,6.00
2-4,arcane_heavy,100.0,141.0,107.7,66.7,30.0,137.3,6.00
2-4,holy_heavy,83.3,153.8,70.9,10.0,3.3,118.7,5.83
2-4,no_blocker,100.0,136.4,65.3,80.0,0.0,133.0,6.00
2-4,spam_cheapest,23.3,185.2,75.3,3.3,0.0,62.3,5.13
2-4,all_expensive,26.7,140.3,20.8,10.0,0.0,46.8,3.37
2-4,turtle,86.7,153.0,77.3,13.3,0.0,121.6,5.80
2-4,siege_heavy,90.0,150.3,97.2,36.7,3.3,127.7,5.90
2-4,c_only,100.0,137.1,109.9,90.0,63.3,138.0,6.00
2-4,r_only,100.0,136.5,91.0,76.7,6.7,135.2,6.00
2-5,recommended,100.0,137.1,110.0,90.0,63.3,110.0,6.00
2-5,balanced,100.0,140.9,110.0,83.3,33.3,110.0,6.00
2-5,physical_only,100.0,139.9,110.0,80.0,50.0,110.0,6.00
2-5,arcane_heavy,100.0,146.4,110.0,83.3,13.3,110.0,6.00
2-5,holy_heavy,86.7,163.6,82.2,10.0,0.0,96.8,5.93
2-5,no_blocker,100.0,136.3,107.6,86.7,26.7,109.4,6.00
2-5,spam_cheapest,0.0,0.0,0.0,0.0,0.0,4.2,3.73
2-5,all_expensive,100.0,141.7,83.4,33.3,0.0,104.4,6.00
2-5,turtle,96.7,168.1,95.5,43.3,0.0,106.9,6.00
2-5,siege_heavy,100.0,157.0,80.7,3.3,0.0,104.1,6.00
2-5,c_only,100.0,138.6,110.0,86.7,53.3,110.0,6.00
2-5,r_only,100.0,136.2,104.0,80.0,0.0,108.5,6.00
2-6,recommended,100.0,138.1,110.0,86.7,56.7,126.0,6.00
2-6,balanced,100.0,141.0,110.0,83.3,33.3,126.0,6.00
2-6,physical_only,100.0,141.7,108.7,60.0,16.7,125.6,6.00
2-6,arcane_heavy,100.0,140.5,110.0,80.0,46.7,126.0,6.00
2-6,holy_heavy,80.0,160.3,67.5,10.0,3.3,103.6,5.73
2-6,no_blocker,100.0,136.7,69.5,80.0,0.0,119.6,6.00
2-6,spam_cheapest,0.0,0.0,0.0,0.0,0.0,29.2,5.07
2-6,all_expensive,50.0,139.2,32.8,26.7,0.0,73.1,4.80
2-6,turtle,100.0,165.4,107.9,63.3,0.0,125.8,6.00
2-6,siege_heavy,96.7,159.1,81.6,20.0,0.0,119.4,5.93
2-6,c_only,100.0,138.0,110.0,86.7,60.0,126.0,6.00
2-6,r_only,100.0,137.3,101.6,76.7,30.0,124.5,6.00
2-7,recommended,100.0,136.5,110.0,90.0,70.0,131.0,6.00
2-7,balanced,100.0,140.1,109.5,76.7,50.0,130.8,6.00
2-7,physical_only,100.0,141.4,110.0,83.3,36.7,131.0,6.00
2-7,arcane_heavy,100.0,142.0,109.2,76.7,23.3,130.7,6.00
2-7,holy_heavy,40.0,153.6,59.4,3.3,0.0,71.3,5.27
2-7,no_blocker,100.0,136.6,102.2,80.0,3.3,128.8,6.00
2-7,spam_cheapest,0.0,0.0,0.0,0.0,0.0,8.7,3.90
2-7,all_expensive,100.0,140.4,68.8,30.0,0.0,121.1,6.00
2-7,turtle,76.7,164.6,64.2,0.0,0.0,105.8,5.77
2-7,siege_heavy,90.0,153.1,52.6,0.0,0.0,112.9,5.90
2-7,c_only,100.0,136.8,110.0,90.0,66.7,131.0,6.00
2-7,r_only,100.0,136.6,108.9,86.7,53.3,130.6,6.00
2-8,recommended,100.0,135.3,101.7,90.0,0.0,138.3,6.00
2-8,balanced,100.0,136.6,110.0,93.3,70.0,140.0,6.00
2-8,physical_only,100.0,135.8,104.8,86.7,0.0,139.0,6.00
2-8,arcane_heavy,100.0,135.9,110.0,90.0,73.3,140.0,6.00
2-8,holy_heavy,93.3,147.3,45.9,16.7,0.0,122.5,5.93
2-8,no_blocker,100.0,135.7,110.0,93.3,70.0,140.0,6.00
2-8,spam_cheapest,0.0,0.0,0.0,0.0,0.0,4.2,3.00
2-8,all_expensive,0.0,0.0,0.0,0.0,0.0,15.6,3.00
2-8,turtle,0.0,0.0,0.0,0.0,0.0,12.1,3.00
2-8,siege_heavy,30.0,146.8,23.9,0.0,0.0,47.1,4.23
2-8,c_only,6.7,135.4,50.0,6.7,0.0,27.5,3.20
2-8,r_only,100.0,135.5,109.9,93.3,73.3,140.0,6.00
2-9,recommended,100.0,137.2,99.3,73.3,10.0,148.9,6.00
2-9,balanced,100.0,143.4,91.5,23.3,10.0,147.8,6.00
2-9,physical_only,100.0,144.4,87.1,30.0,3.3,146.5,6.00
2-9,arcane_heavy,90.0,148.0,74.0,16.7,3.3,138.5,5.83
2-9,holy_heavy,3.3,133.7,45.0,3.3,0.0,22.9,3.20
2-9,no_blocker,100.0,137.2,95.5,73.3,0.0,148.0,6.00
2-9,spam_cheapest,0.0,0.0,0.0,0.0,0.0,5.7,3.00
2-9,all_expensive,0.0,0.0,0.0,0.0,0.0,22.1,2.97
2-9,turtle,0.0,0.0,0.0,0.0,0.0,19.4,3.00
2-9,siege_heavy,3.3,149.2,19.0,0.0,0.0,21.6,3.10
2-9,c_only,6.7,143.0,60.0,0.0,0.0,45.0,3.20
2-9,r_only,100.0,142.0,101.6,46.7,10.0,149.4,6.00
2-10,recommended,100.0,214.4,110.0,80.0,0.0,122.0,5.00
2-10,balanced,100.0,256.5,109.9,76.7,0.0,122.0,5.00
2-10,physical_only,100.0,239.3,107.7,36.7,0.0,121.4,5.00
2-10,arcane_heavy,73.3,241.5,107.3,50.0,0.0,121.4,5.00
2-10,holy_heavy,20.0,252.7,90.2,0.0,0.0,52.4,4.30
2-10,no_blocker,6.7,183.9,99.5,0.0,0.0,118.0,5.00
2-10,spam_cheapest,0.0,0.0,0.0,0.0,0.0,25.9,4.00
2-10,all_expensive,83.3,184.6,40.6,0.0,0.0,96.3,4.83
2-10,turtle,63.3,318.2,84.4,23.3,0.0,116.6,5.00
2-10,siege_heavy,53.3,245.6,74.1,3.3,0.0,88.3,4.63
2-10,c_only,53.3,300.2,110.0,50.0,0.0,121.5,5.00
2-10,r_only,100.0,191.7,108.8,66.7,0.0,121.7,5.00
2-11,recommended,100.0,137.4,109.2,86.7,56.7,108.9,6.00
2-11,balanced,100.0,144.4,104.0,60.0,13.3,108.5,6.00
2-11,physical_only,100.0,147.0,109.9,76.7,3.3,109.0,6.00
2-11,arcane_heavy,100.0,150.1,109.6,73.3,10.0,108.9,6.00
2-11,holy_heavy,73.3,180.1,95.1,13.3,0.0,92.4,6.00
2-11,no_blocker,100.0,138.0,107.5,70.0,13.3,108.2,6.00
2-11,spam_cheapest,0.0,0.0,0.0,0.0,0.0,15.9,5.67
2-11,all_expensive,60.0,151.0,50.1,6.7,3.3,83.4,5.73
2-11,turtle,86.7,202.6,92.0,46.7,0.0,103.1,6.00
2-11,siege_heavy,36.7,168.4,61.5,3.3,0.0,67.1,5.73
2-11,c_only,100.0,147.5,110.0,80.0,16.7,109.0,6.00
2-11,r_only,100.0,138.1,100.9,70.0,0.0,106.6,6.00
2-12,recommended,100.0,138.9,110.0,86.7,53.3,123.0,6.00
2-12,balanced,100.0,141.6,110.0,83.3,46.7,123.0,6.00
2-12,physical_only,100.0,146.7,110.0,80.0,20.0,123.0,6.00
2-12,arcane_heavy,100.0,148.3,108.1,66.7,13.3,122.8,6.00
2-12,holy_heavy,50.0,160.9,80.3,6.7,3.3,79.3,5.57
2-12,no_blocker,100.0,137.1,101.4,73.3,0.0,120.1,6.00
2-12,spam_cheapest,0.0,0.0,0.0,0.0,0.0,19.7,4.70
2-12,all_expensive,96.7,142.0,53.3,23.3,0.0,104.8,5.97
2-12,turtle,80.0,183.9,100.8,53.3,0.0,112.9,5.97
2-12,siege_heavy,73.3,157.5,76.5,16.7,0.0,101.3,5.73
2-12,c_only,100.0,138.2,110.0,86.7,56.7,123.0,6.00
2-12,r_only,100.0,138.4,106.1,60.0,6.7,121.7,6.00
2-13,recommended,100.0,135.1,82.2,90.0,0.0,109.4,6.00
2-13,balanced,100.0,136.5,101.5,76.7,0.0,113.3,6.00
2-13,physical_only,100.0,135.6,91.5,86.7,0.0,111.3,6.00
2-13,arcane_heavy,100.0,138.0,90.3,66.7,0.0,111.1,6.00
2-13,holy_heavy,70.0,156.1,31.6,6.7,0.0,83.3,5.73
2-13,no_blocker,100.0,135.1,101.3,93.3,20.0,114.0,6.00
2-13,spam_cheapest,0.0,0.0,0.0,0.0,0.0,3.7,2.93
2-13,all_expensive,0.0,0.0,0.0,0.0,0.0,1.7,2.00
2-13,turtle,0.0,0.0,0.0,0.0,0.0,4.8,2.93
2-13,siege_heavy,20.0,152.1,10.0,3.3,0.0,21.2,3.57
2-13,c_only,3.3,132.7,75.0,3.3,0.0,10.5,3.03
2-13,r_only,100.0,134.8,98.3,93.3,3.3,112.7,6.00
2-14,recommended,100.0,141.4,110.0,83.3,43.3,90.0,6.00
2-14,balanced,100.0,144.9,110.0,80.0,20.0,90.0,6.00
2-14,physical_only,100.0,154.3,109.1,73.3,3.3,89.9,6.00
2-14,arcane_heavy,100.0,157.1,106.7,70.0,3.3,89.7,6.00
2-14,holy_heavy,26.7,167.1,85.3,6.7,0.0,45.7,5.20
2-14,no_blocker,100.0,138.2,103.9,60.0,3.3,88.5,6.00
2-14,spam_cheapest,0.0,0.0,0.0,0.0,0.0,4.7,3.70
2-14,all_expensive,63.3,152.6,56.8,3.3,0.0,70.3,5.73
2-14,turtle,26.7,179.3,46.3,3.3,0.0,46.6,5.27
2-14,siege_heavy,40.0,170.6,74.2,6.7,0.0,54.0,5.43
2-14,c_only,100.0,150.5,110.0,80.0,13.3,90.0,6.00
2-14,r_only,100.0,144.6,108.7,66.7,26.7,89.7,6.00
2-15,recommended,100.0,136.6,91.5,76.7,0.0,96.3,6.00
2-15,balanced,100.0,140.4,103.2,50.0,3.3,98.6,6.00
2-15,physical_only,100.0,137.8,91.7,73.3,0.0,96.3,6.00
2-15,arcane_heavy,100.0,142.5,91.2,36.7,0.0,96.2,6.00
2-15,holy_heavy,43.3,151.4,34.6,3.3,0.0,59.5,5.80
2-15,no_blocker,100.0,135.7,102.2,83.3,23.3,99.1,6.00
2-15,spam_cheapest,0.0,0.0,0.0,0.0,0.0,11.4,4.77
2-15,all_expensive,0.0,0.0,0.0,0.0,0.0,2.2,2.00
2-15,turtle,0.0,0.0,0.0,0.0,0.0,33.2,4.93
2-15,siege_heavy,6.7,153.6,27.5,0.0,0.0,17.4,4.13
2-15,c_only,20.0,141.3,29.2,10.0,0.0,70.8,5.93
2-15,r_only,100.0,135.5,98.7,90.0,3.3,97.7,6.00
2-16,recommended,100.0,136.8,110.0,90.0,60.0,80.0,6.00
2-16,balanced,100.0,143.9,105.2,36.7,0.0,78.8,6.00
2-16,physical_only,100.0,147.2,108.5,80.0,13.3,79.9,6.00
2-16,arcane_heavy,100.0,150.4,110.0,80.0,6.7,80.0,6.00
2-16,holy_heavy,43.3,169.2,73.4,0.0,0.0,45.7,5.63
2-16,no_blocker,100.0,139.3,102.5,56.7,3.3,78.1,6.00
2-16,spam_cheapest,0.0,0.0,0.0,0.0,0.0,4.1,4.20
2-16,all_expensive,40.0,144.6,77.8,6.7,0.0,49.2,5.23
2-16,turtle,53.3,178.8,81.4,0.0,0.0,55.3,5.70
2-16,siege_heavy,60.0,164.4,61.9,0.0,0.0,58.6,5.87
2-16,c_only,100.0,148.3,110.0,80.0,0.0,80.0,6.00
2-16,r_only,100.0,137.7,90.9,63.3,0.0,75.4,6.00
2-17,recommended,100.0,136.6,107.7,83.3,30.0,131.5,6.00
2-17,balanced,100.0,138.8,110.0,86.7,46.7,132.0,6.00
2-17,physical_only,100.0,136.8,103.7,76.7,3.3,130.1,6.00
2-17,arcane_heavy,100.0,141.6,99.0,43.3,6.7,129.7,6.00
2-17,holy_heavy,80.0,160.2,32.5,3.3,0.0,97.9,5.57
2-17,no_blocker,100.0,136.5,98.2,80.0,0.0,128.1,6.00
2-17,spam_cheapest,0.0,0.0,0.0,0.0,0.0,28.7,4.70
2-17,all_expensive,0.0,0.0,0.0,0.0,0.0,18.5,3.00
2-17,turtle,100.0,161.0,9.6,0.0,0.0,111.9,6.00
2-17,siege_heavy,36.7,151.7,22.8,0.0,0.0,54.4,4.50
2-17,c_only,100.0,136.8,18.5,73.3,0.0,113.7,6.00
2-17,r_only,100.0,136.3,103.0,80.0,0.0,129.7,6.00
2-18,recommended,100.0,140.9,110.0,86.7,46.7,101.0,6.00
2-18,balanced,100.0,144.9,108.8,70.0,23.3,100.9,6.00
2-18,physical_only,100.0,145.7,109.3,76.7,13.3,101.0,6.00
2-18,arcane_heavy,100.0,155.1,107.4,70.0,6.7,100.7,6.00
2-18,holy_heavy,16.7,166.6,74.6,3.3,0.0,35.6,4.40
2-18,no_blocker,100.0,139.5,68.6,56.7,0.0,96.1,6.00
2-18,spam_cheapest,0.0,0.0,0.0,0.0,0.0,4.6,3.07
2-18,all_expensive,36.7,146.0,39.1,3.3,0.0,52.8,4.43
2-18,turtle,76.7,199.4,78.3,13.3,0.0,89.1,5.93
2-18,siege_heavy,56.7,175.7,51.5,3.3,0.0,62.9,4.93
2-18,c_only,100.0,156.3,110.0,80.0,13.3,101.0,6.00
2-18,r_only,100.0,142.4,79.6,36.7,3.3,96.6,6.00
2-19,recommended,100.0,139.9,61.2,46.7,0.0,107.2,6.00
2-19,balanced,100.0,142.9,79.7,23.3,0.0,110.9,6.00
2-19,physical_only,100.0,150.1,50.2,6.7,0.0,105.0,6.00
2-19,arcane_heavy,100.0,151.3,70.1,13.3,0.0,109.2,6.00
2-19,holy_heavy,6.7,157.4,35.0,0.0,0.0,18.7,3.17
2-19,no_blocker,100.0,137.4,89.3,63.3,6.7,114.4,6.00
2-19,spam_cheapest,0.0,0.0,0.0,0.0,0.0,2.0,2.00
2-19,all_expensive,0.0,0.0,0.0,0.0,0.0,0.0,1.90
2-19,turtle,0.0,0.0,0.0,0.0,0.0,1.2,2.00
2-19,siege_heavy,0.0,0.0,0.0,0.0,0.0,0.1,2.00
2-19,c_only,3.3,143.8,30.0,0.0,0.0,9.2,2.13
2-19,r_only,100.0,138.5,78.5,66.7,0.0,110.9,6.00
2-20,recommended,93.3,219.3,78.7,0.0,0.0,64.8,5.00
2-20,balanced,100.0,283.8,96.6,3.3,0.0,68.4,5.00
2-20,physical_only,100.0,280.7,75.3,0.0,0.0,65.7,5.00
2-20,arcane_heavy,26.7,256.7,91.3,0.0,0.0,66.8,5.00
2-20,holy_heavy,23.3,322.3,22.1,0.0,0.0,48.2,4.97
2-20,no_blocker,0.0,0.0,0.0,0.0,0.0,70.0,5.00
2-20,spam_cheapest,0.0,0.0,0.0,0.0,0.0,0.9,3.93
2-20,all_expensive,0.0,0.0,0.0,0.0,0.0,10.8,3.50
2-20,turtle,0.0,0.0,0.0,0.0,0.0,4.4,3.93
2-20,siege_heavy,3.3,304.0,25.0,0.0,0.0,30.6,4.83
2-20,c_only,0.0,0.0,0.0,0.0,0.0,23.4,4.03
2-20,r_only,86.7,225.1,92.8,0.0,0.0,68.1,5.00
3-1,recommended,100.0,138.1,120.0,90.0,56.7,152.0,6.00
3-1,balanced,100.0,139.1,116.0,73.3,30.0,151.0,6.00
3-1,physical_only,100.0,139.2,118.9,76.7,43.3,151.7,6.00
3-1,arcane_heavy,100.0,138.7,112.3,60.0,10.0,150.1,6.00
3-1,holy_heavy,100.0,143.8,113.2,30.0,3.3,150.3,6.00
3-1,no_blocker,100.0,138.1,113.1,70.0,6.7,150.3,6.00
3-1,spam_cheapest,10.0,210.3,78.7,3.3,0.0,55.0,5.37
3-1,all_expensive,100.0,142.1,61.1,20.0,0.0,137.3,6.00
3-1,turtle,100.0,166.9,118.8,70.0,0.0,151.7,6.00
3-1,siege_heavy,96.7,160.8,92.3,13.3,0.0,142.6,6.00
3-1,c_only,100.0,138.1,114.9,80.0,16.7,150.7,6.00
3-1,r_only,100.0,138.1,110.5,66.7,10.0,149.6,6.00
3-2,recommended,100.0,136.3,120.0,86.7,73.3,150.0,6.00
3-2,balanced,100.0,138.0,120.0,90.0,53.3,150.0,6.00
3-2,physical_only,100.0,136.3,120.0,90.0,70.0,150.0,6.00
3-2,arcane_heavy,100.0,141.1,119.1,76.7,30.0,149.6,6.00
3-2,holy_heavy,100.0,141.6,119.5,80.0,43.3,149.9,6.00
3-2,no_blocker,100.0,136.0,114.0,83.3,0.0,147.0,6.00
3-2,spam_cheapest,83.3,220.4,35.0,0.0,0.0,113.5,6.00
3-2,all_expensive,100.0,141.5,78.2,26.7,0.0,132.2,6.00
3-2,turtle,100.0,158.2,120.0,80.0,0.0,150.0,6.00
3-2,siege_heavy,100.0,154.2,110.5,30.0,3.3,146.4,6.00
3-2,c_only,100.0,136.3,120.0,90.0,73.3,150.0,6.00
3-2,r_only,100.0,136.0,118.5,86.7,36.7,149.3,6.00
3-3,recommended,100.0,137.5,120.0,86.7,66.7,147.0,6.00
3-3,balanced,100.0,142.7,117.7,63.3,13.3,145.9,6.00
3-3,physical_only,100.0,141.1,117.4,63.3,16.7,146.5,6.00
3-3,arcane_heavy,100.0,142.6,120.0,86.7,36.7,147.0,6.00
3-3,holy_heavy,100.0,145.8,109.0,43.3,13.3,144.3,6.00
3-3,no_blocker,100.0,136.6,69.1,80.0,0.0,138.9,6.00
3-3,spam_cheapest,0.0,0.0,0.0,0.0,0.0,37.3,4.67
3-3,all_expensive,43.3,138.0,30.8,20.0,0.0,80.0,4.73
3-3,turtle,100.0,163.5,117.9,70.0,0.0,146.6,6.00
3-3,siege_heavy,76.7,152.6,79.3,10.0,0.0,121.0,5.83
3-3,c_only,100.0,138.6,116.1,60.0,0.0,145.1,6.00
3-3,r_only,100.0,137.9,99.8,63.3,0.0,138.5,6.00
3-4,recommended,100.0,140.5,120.0,83.3,36.7,135.0,6.00
3-4,balanced,100.0,146.7,120.0,80.0,6.7,135.0,6.00
3-4,physical_only,100.0,148.8,120.0,80.0,6.7,135.0,6.00
3-4,arcane_heavy,100.0,153.9,115.7,40.0,6.7,133.9,6.00
3-4,holy_heavy,100.0,157.0,110.1,26.7,6.7,132.9,6.00
3-4,no_blocker,100.0,136.9,108.1,76.7,0.0,132.0,6.00
3-4,spam_cheapest,0.0,0.0,0.0,0.0,0.0,19.2,5.03
3-4,all_expensive,63.3,148.9,38.1,6.7,0.0,80.5,4.97
3-4,turtle,90.0,194.5,119.7,70.0,0.0,126.9,5.97
3-4,siege_heavy,50.0,166.4,56.3,0.0,0.0,76.3,5.33
3-4,c_only,100.0,147.0,119.9,83.3,10.0,135.0,6.00
3-4,r_only,100.0,141.9,99.5,36.7,3.3,130.9,6.00
3-5,recommended,100.0,137.2,120.0,90.0,66.7,103.0,6.00
3-5,balanced,100.0,141.8,111.6,56.7,13.3,102.2,6.00
3-5,physical_only,100.0,142.9,103.4,36.7,3.3,101.4,6.00
3-5,arcane_heavy,100.0,143.5,111.3,53.3,13.3,102.1,6.00
3-5,holy_heavy,96.7,146.6,107.7,43.3,3.3,99.2,5.93
3-5,no_blocker,60.0,138.8,18.6,36.7,0.0,68.5,4.83
3-5,spam_cheapest,30.0,215.1,58.7,3.3,0.0,51.7,5.30
3-5,all_expensive,0.0,0.0,0.0,0.0,0.0,0.3,1.13
3-5,turtle,70.0,165.4,81.2,16.7,0.0,77.1,5.47
3-5,siege_heavy,96.7,153.8,97.9,30.0,3.3,99.1,5.97
3-5,c_only,100.0,139.8,120.0,83.3,40.0,103.0,6.00
3-5,r_only,76.7,138.6,55.8,36.7,0.0,80.7,5.33
3-6,recommended,100.0,138.1,120.0,86.7,53.3,130.0,6.00
3-6,balanced,100.0,143.9,120.0,80.0,26.7,130.0,6.00
3-6,physical_only,100.0,146.0,114.3,33.3,6.7,129.1,6.00
3-6,arcane_heavy,100.0,148.0,116.7,63.3,20.0,129.7,6.00
3-6,holy_heavy,96.7,153.7,103.4,40.0,10.0,125.9,5.97
3-6,no_blocker,100.0,137.2,63.8,73.3,0.0,123.3,6.00
3-6,spam_cheapest,0.0,0.0,0.0,0.0,0.0,22.6,4.87
3-6,all_expensive,6.7,137.3,21.0,3.3,0.0,22.8,2.70
3-6,turtle,96.7,185.6,92.1,20.0,0.0,124.9,6.00
3-6,siege_heavy,36.7,166.7,35.3,0.0,0.0,59.0,4.80
3-6,c_only,100.0,141.2,118.0,83.3,26.7,129.8,6.00
3-6,r_only,100.0,139.1,70.1,50.0,3.3,123.0,6.00
3-7,recommended,100.0,137.6,79.6,66.7,0.0,140.2,6.00
3-7,balanced,100.0,139.7,88.5,46.7,0.0,141.5,6.00
3-7,physical_only,100.0,137.9,78.5,66.7,0.0,140.1,6.00
3-7,arcane_heavy,100.0,139.4,82.2,50.0,0.0,140.6,6.00
3-7,holy_heavy,100.0,145.6,60.3,23.3,0.0,137.5,6.00
3-7,no_blocker,100.0,137.2,118.3,70.0,20.0,145.1,6.00
3-7,spam_cheapest,0.0,0.0,0.0,0.0,0.0,16.1,3.00
3-7,all_expensive,0.0,0.0,0.0,0.0,0.0,19.0,3.00
3-7,turtle,0.0,0.0,0.0,0.0,0.0,18.5,3.00
3-7,siege_heavy,0.0,0.0,0.0,0.0,0.0,5.1,3.00
3-7,c_only,3.3,135.8,78.0,3.3,0.0,32.9,3.10
3-7,r_only,100.0,137.2,98.8,70.0,0.0,142.1,6.00
3-8,recommended,100.0,137.0,120.0,90.0,66.7,114.0,6.00
3-8,balanced,100.0,139.9,120.0,83.3,33.3,114.0,6.00
3-8,physical_only,100.0,137.8,120.0,90.0,63.3,114.0,6.00
3-8,arcane_heavy,100.0,139.8,115.0,66.7,26.7,113.5,6.00
3-8,holy_heavy,100.0,152.0,99.3,20.0,0.0,111.9,6.00
3-8,no_blocker,100.0,136.7,118.9,86.7,60.0,113.7,6.00
3-8,spam_cheapest,0.0,0.0,0.0,0.0,0.0,16.2,3.10
3-8,all_expensive,0.0,0.0,0.0,0.0,0.0,20.3,3.03
3-8,turtle,0.0,0.0,0.0,0.0,0.0,17.0,3.07
3-8,siege_heavy,10.0,158.9,23.3,0.0,0.0,13.5,3.67
3-8,c_only,6.7,135.7,80.0,6.7,3.3,42.4,3.77
3-8,r_only,100.0,136.5,119.5,83.3,56.7,113.9,6.00
3-9,recommended,100.0,143.2,49.8,30.0,0.0,104.0,6.00
3-9,balanced,100.0,150.8,35.2,13.3,0.0,101.9,6.00
3-9,physical_only,53.3,149.2,18.1,3.3,0.0,76.8,5.53
3-9,arcane_heavy,100.0,153.6,17.8,10.0,0.0,99.4,6.00
3-9,holy_heavy,53.3,160.0,24.0,3.3,0.0,69.0,5.37
3-9,no_blocker,96.7,139.6,51.9,50.0,0.0,104.6,5.90
3-9,spam_cheapest,0.0,0.0,0.0,0.0,0.0,2.0,2.00
3-9,all_expensive,0.0,0.0,0.0,0.0,0.0,0.0,1.40
3-9,turtle,0.0,0.0,0.0,0.0,0.0,0.0,2.00
3-9,siege_heavy,0.0,0.0,0.0,0.0,0.0,0.0,2.00
3-9,c_only,3.3,140.4,22.0,0.0,0.0,7.9,2.13
3-9,r_only,46.7,145.2,33.4,3.3,0.0,56.8,4.37
3-10,recommended,100.0,232.6,120.0,80.0,0.0,110.0,5.00
3-10,balanced,96.7,296.6,105.9,10.0,0.0,108.0,5.00
3-10,physical_only,100.0,281.9,99.3,10.0,0.0,106.8,5.00
3-10,arcane_heavy,43.3,269.8,110.8,10.0,0.0,107.7,5.00
3-10,holy_heavy,96.7,236.0,79.9,6.7,0.0,103.0,5.00
3-10,no_blocker,10.0,181.8,75.3,0.0,0.0,102.8,5.00
3-10,spam_cheapest,0.0,0.0,0.0,0.0,0.0,18.7,3.97
3-10,all_expensive,0.0,0.0,0.0,0.0,0.0,16.1,2.40
3-10,turtle,0.0,0.0,0.0,0.0,0.0,34.8,4.00
3-10,siege_heavy,13.3,273.9,12.5,0.0,0.0,32.9,3.87
3-10,c_only,3.3,309.2,50.0,0.0,0.0,85.4,4.93
3-10,r_only,100.0,226.7,84.4,3.3,0.0,104.9,5.00
3-11,recommended,100.0,139.8,120.0,83.3,46.7,141.0,6.00
3-11,balanced,100.0,146.1,118.7,46.7,6.7,140.4,6.00
3-11,physical_only,100.0,143.8,114.8,23.3,0.0,138.4,6.00
3-11,arcane_heavy,100.0,165.9,115.8,36.7,3.3,139.6,6.00
3-11,holy_heavy,100.0,169.4,110.3,26.7,0.0,139.1,6.00
3-11,no_blocker,100.0,138.7,111.9,53.3,0.0,137.0,6.00
3-11,spam_cheapest,0.0,0.0,0.0,0.0,0.0,25.1,4.97
3-11,all_expensive,56.7,148.4,54.9,6.7,0.0,93.1,5.53
3-11,turtle,100.0,185.8,116.5,70.0,0.0,140.7,6.00
3-11,siege_heavy,76.7,173.7,56.1,6.7,0.0,122.7,6.00
3-11,c_only,100.0,137.9,116.3,60.0,0.0,139.2,6.00
3-11,r_only,100.0,138.5,103.7,60.0,0.0,132.9,6.00
3-12,recommended,100.0,137.4,120.0,90.0,60.0,122.0,6.00
3-12,balanced,100.0,142.5,116.9,66.7,23.3,121.7,6.00
3-12,physical_only,100.0,139.3,105.0,63.3,20.0,119.9,6.00
3-12,arcane_heavy,100.0,141.6,102.2,26.7,0.0,120.2,6.00
3-12,holy_heavy,96.7,160.5,86.4,6.7,0.0,115.7,5.93
3-12,no_blocker,100.0,139.6,117.3,50.0,10.0,120.6,6.00
3-12,spam_cheapest,0.0,0.0,0.0,0.0,0.0,14.5,3.00
3-12,all_expensive,0.0,0.0,0.0,0.0,0.0,12.6,3.00
3-12,turtle,0.0,0.0,0.0,0.0,0.0,19.0,3.00
3-12,siege_heavy,0.0,0.0,0.0,0.0,0.0,4.4,3.00
3-12,c_only,6.7,137.0,73.0,6.7,3.3,30.0,3.30
3-12,r_only,100.0,137.7,117.0,63.3,0.0,120.5,6.00
3-13,recommended,100.0,138.6,120.0,86.7,53.3,109.0,6.00
3-13,balanced,100.0,147.0,103.2,20.0,10.0,105.8,6.00
3-13,physical_only,100.0,148.6,120.0,80.0,6.7,109.0,6.00
3-13,arcane_heavy,96.7,158.5,90.9,6.7,0.0,103.1,6.00
3-13,holy_heavy,90.0,165.1,83.9,3.3,0.0,98.5,5.93
3-13,no_blocker,100.0,137.8,94.5,73.3,3.3,102.9,6.00
3-13,spam_cheapest,0.0,0.0,0.0,0.0,0.0,9.7,4.77
3-13,all_expensive,46.7,144.2,35.7,10.0,0.0,50.0,4.67
3-13,turtle,30.0,208.5,92.0,6.7,0.0,57.2,5.43
3-13,siege_heavy,20.0,164.5,56.0,0.0,0.0,44.8,5.27
3-13,c_only,100.0,148.3,114.8,53.3,6.7,108.3,6.00
3-13,r_only,100.0,140.6,92.0,46.7,6.7,102.9,6.00
3-14,recommended,100.0,138.1,120.0,90.0,53.3,152.0,6.00
3-14,balanced,96.7,145.2,103.0,16.7,0.0,146.6,5.97
3-14,physical_only,100.0,144.7,104.3,16.7,0.0,148.1,6.00
3-14,arcane_heavy,93.3,145.7,102.6,26.7,3.3,142.1,5.93
3-14,holy_heavy,60.0,154.0,76.1,3.3,0.0,102.6,5.23
3-14,no_blocker,96.7,138.8,47.7,50.0,0.0,137.4,5.90
3-14,spam_cheapest,0.0,0.0,0.0,0.0,0.0,20.5,4.07
3-14,all_expensive,3.3,130.7,10.0,3.3,0.0,18.8,2.67
3-14,turtle,76.7,185.1,81.9,10.0,0.0,130.4,5.97
3-14,siege_heavy,30.0,150.9,56.2,0.0,0.0,68.8,4.90
3-14,c_only,100.0,140.5,109.9,40.0,0.0,148.9,6.00
3-14,r_only,86.7,141.3,56.9,36.7,0.0,125.9,5.73
3-15,recommended,100.0,137.8,120.0,90.0,60.0,77.0,6.00
3-15,balanced,100.0,140.5,119.2,83.3,26.7,76.9,6.00
3-15,physical_only,100.0,141.0,119.2,83.3,26.7,76.9,6.00
3-15,arcane_heavy,100.0,147.2,109.2,20.0,10.0,75.9,6.00
3-15,holy_heavy,100.0,161.5,96.7,3.3,0.0,74.7,6.00
3-15,no_blocker,53.3,138.4,24.0,36.7,0.0,39.7,4.13
3-15,spam_cheapest,0.0,0.0,0.0,0.0,0.0,13.4,4.00
3-15,all_expensive,0.0,0.0,0.0,0.0,0.0,0.4,1.73
3-15,turtle,0.0,0.0,0.0,0.0,0.0,11.7,4.00
3-15,siege_heavy,16.7,173.0,41.2,0.0,0.0,22.6,4.47
3-15,c_only,36.7,139.2,43.6,16.7,3.3,51.9,5.27
3-15,r_only,93.3,139.9,38.1,53.3,0.0,67.3,5.83
3-16,recommended,100.0,137.7,120.0,90.0,56.7,143.0,6.00
3-16,balanced,100.0,144.1,118.7,33.3,16.7,142.3,6.00
3-16,physical_only,100.0,139.6,118.6,83.3,26.7,142.8,6.00
3-16,arcane_heavy,100.0,146.8,112.4,26.7,0.0,140.3,6.00
3-16,holy_heavy,100.0,154.1,83.6,10.0,3.3,135.5,6.00
3-16,no_blocker,100.0,137.5,112.8,66.7,0.0,139.4,6.00
3-16,spam_cheapest,0.0,0.0,0.0,0.0,0.0,36.7,4.00
3-16,all_expensive,0.0,0.0,0.0,0.0,0.0,31.3,4.00
3-16,turtle,0.0,0.0,0.0,0.0,0.0,53.2,4.00
3-16,siege_heavy,36.7,162.6,31.7,0.0,0.0,69.6,4.73
3-16,c_only,56.7,138.1,39.7,40.0,3.3,110.6,5.53
3-16,r_only,100.0,137.9,112.2,60.0,0.0,139.1,6.00
3-17,recommended,100.0,140.9,58.2,36.7,0.0,77.2,6.00
3-17,balanced,100.0,145.4,65.2,13.3,0.0,78.2,6.00
3-17,physical_only,100.0,143.3,38.5,23.3,0.0,74.6,6.00
3-17,arcane_heavy,100.0,155.7,52.0,3.3,0.0,76.3,6.00
3-17,holy_heavy,93.3,164.8,43.4,3.3,0.0,72.1,5.90
3-17,no_blocker,100.0,139.2,97.6,56.7,6.7,84.1,6.00
3-17,spam_cheapest,0.0,0.0,0.0,0.0,0.0,6.1,3.07
3-17,all_expensive,0.0,0.0,0.0,0.0,0.0,0.0,1.70
3-17,turtle,0.0,0.0,0.0,0.0,0.0,4.0,3.07
3-17,siege_heavy,6.7,184.2,5.0,0.0,0.0,9.2,3.97
3-17,c_only,10.0,142.0,25.7,0.0,0.0,27.6,4.13
3-17,r_only,100.0,139.2,48.4,50.0,0.0,76.8,6.00
3-18,recommended,100.0,136.5,119.7,93.3,66.7,94.0,6.00
3-18,balanced,100.0,140.8,117.8,76.7,30.0,93.8,6.00
3-18,physical_only,100.0,141.5,109.0,40.0,0.0,92.9,6.00
3-18,arcane_heavy,100.0,143.9,106.5,46.7,6.7,92.9,6.00
3-18,holy_heavy,96.7,151.3,88.6,26.7,13.3,89.4,5.97
3-18,no_blocker,90.0,136.4,25.6,73.3,0.0,77.4,5.60
3-18,spam_cheapest,0.0,0.0,0.0,0.0,0.0,11.5,4.87
3-18,all_expensive,0.0,0.0,0.0,0.0,0.0,1.3,1.77
3-18,turtle,0.0,0.0,0.0,0.0,0.0,28.9,5.00
3-18,siege_heavy,20.0,166.8,58.7,0.0,0.0,42.4,5.20
3-18,c_only,16.7,140.2,100.0,10.0,3.3,77.5,5.97
3-18,r_only,100.0,137.5,40.3,66.7,0.0,86.0,6.00
3-19,recommended,100.0,142.7,71.9,26.7,0.0,94.1,6.00
3-19,balanced,100.0,150.4,44.8,13.3,0.0,90.3,6.00
3-19,physical_only,100.0,148.7,15.4,3.3,0.0,86.1,6.00
3-19,arcane_heavy,100.0,161.8,35.1,3.3,0.0,89.3,6.00
3-19,holy_heavy,26.7,160.4,31.3,0.0,0.0,36.6,4.57
3-19,no_blocker,100.0,139.6,103.6,50.0,0.0,98.7,6.00
3-19,spam_cheapest,0.0,0.0,0.0,0.0,0.0,0.0,2.00
3-19,all_expensive,0.0,0.0,0.0,0.0,0.0,0.3,2.00
3-19,turtle,0.0,0.0,0.0,0.0,0.0,0.0,2.00
3-19,siege_heavy,0.0,0.0,0.0,0.0,0.0,0.0,2.00
3-19,c_only,3.3,138.2,29.0,3.3,0.0,6.9,2.13
3-19,r_only,96.7,144.0,39.1,30.0,0.0,88.3,5.93
3-20,recommended,100.0,184.7,120.0,80.0,0.0,73.0,5.00
3-20,balanced,100.0,200.7,119.6,76.7,0.0,73.0,5.00
3-20,physical_only,100.0,200.6,116.0,53.3,0.0,72.7,5.00
3-20,arcane_heavy,100.0,184.1,118.6,73.3,0.0,72.9,5.00
3-20,holy_heavy,96.7,194.0,87.9,20.0,0.0,68.9,5.00
3-20,no_blocker,53.3,164.2,27.8,16.7,0.0,37.1,3.60
3-20,spam_cheapest,0.0,0.0,0.0,0.0,0.0,6.7,4.30
3-20,all_expensive,0.0,0.0,0.0,0.0,0.0,0.4,1.73
3-20,turtle,0.0,0.0,0.0,0.0,0.0,22.2,5.00
3-20,siege_heavy,16.7,207.2,57.6,0.0,0.0,31.1,4.83
3-20,c_only,50.0,215.9,48.7,6.7,0.0,62.7,5.00
3-20,r_only,100.0,167.8,52.0,10.0,0.0,67.3,5.00
4-1,recommended,100.0,138.8,128.5,73.3,30.0,149.6,6.00
4-1,balanced,100.0,141.2,125.2,63.3,6.7,148.8,6.00
4-1,physical_only,100.0,142.8,115.2,30.0,0.0,146.3,6.00
4-1,arcane_heavy,100.0,143.0,125.3,46.7,13.3,148.8,6.00
4-1,holy_heavy,36.7,161.3,74.7,3.3,0.0,71.0,5.27
4-1,no_blocker,100.0,138.4,84.7,63.3,0.0,138.7,6.00
4-1,spam_cheapest,0.0,0.0,0.0,0.0,0.0,22.6,4.57
4-1,all_expensive,43.3,142.2,30.6,10.0,0.0,71.0,4.80
4-1,turtle,86.7,177.4,105.1,23.3,0.0,136.5,6.00
4-1,siege_heavy,83.3,157.8,85.5,0.0,0.0,127.7,5.93
4-1,c_only,100.0,139.9,127.1,63.3,13.3,149.3,6.00
4-1,r_only,100.0,138.8,99.7,56.7,0.0,142.4,6.00
4-2,recommended,100.0,138.7,126.5,66.7,16.7,156.2,6.00
4-2,balanced,100.0,146.1,103.3,16.7,0.0,152.0,6.00
4-2,physical_only,100.0,155.1,84.4,3.3,0.0,147.8,6.00
4-2,arcane_heavy,80.0,151.2,63.0,10.0,0.0,130.6,5.83
4-2,holy_heavy,10.0,161.4,35.0,0.0,0.0,38.2,4.37
4-2,no_blocker,90.0,147.7,48.2,10.0,3.3,134.8,5.93
4-2,spam_cheapest,0.0,0.0,0.0,0.0,0.0,4.4,3.67
4-2,all_expensive,16.7,140.3,33.2,6.7,0.0,30.6,3.43
4-2,turtle,0.0,0.0,0.0,0.0,0.0,49.3,4.93
4-2,siege_heavy,23.3,157.3,22.7,0.0,0.0,60.5,4.80
4-2,c_only,100.0,153.1,102.2,3.3,0.0,151.3,6.00
4-2,r_only,100.0,144.5,77.7,26.7,0.0,146.3,6.00
4-3,recommended,100.0,140.0,130.0,83.3,46.7,135.0,6.00
4-3,balanced,100.0,148.3,113.2,40.0,6.7,132.3,6.00
4-3,physical_only,100.0,153.5,113.6,40.0,0.0,132.3,6.00
4-3,arcane_heavy,63.3,153.4,91.9,20.0,6.7,105.4,5.73
4-3,holy_heavy,0.0,0.0,0.0,0.0,0.0,7.0,3.30
4-3,no_blocker,100.0,143.0,116.4,43.3,6.7,132.7,6.00
4-3,spam_cheapest,0.0,0.0,0.0,0.0,0.0,1.0,3.07
4-3,all_expensive,43.3,145.2,61.8,3.3,0.0,70.7,4.90
4-3,turtle,10.0,175.4,22.0,0.0,0.0,26.4,4.17
4-3,siege_heavy,10.0,153.3,40.7,0.0,0.0,19.3,3.47
4-3,c_only,90.0,150.8,110.4,6.7,3.3,126.5,6.00
4-3,r_only,100.0,143.6,124.9,53.3,20.0,134.2,6.00
4-4,recommended,100.0,141.7,120.9,43.3,16.7,151.1,6.00
4-4,balanced,100.0,154.2,105.7,10.0,0.0,148.2,6.00
4-4,physical_only,100.0,158.2,124.8,13.3,0.0,151.7,6.00
4-4,arcane_heavy,100.0,161.2,89.7,3.3,0.0,145.3,6.00
4-4,holy_heavy,10.0,170.2,68.7,0.0,0.0,44.6,5.43
4-4,no_blocker,100.0,150.3,86.5,20.0,0.0,142.9,6.00
4-4,spam_cheapest,0.0,0.0,0.0,0.0,0.0,25.8,5.20
4-4,all_expensive,23.3,150.5,38.0,3.3,0.0,38.0,3.73
4-4,turtle,56.7,204.8,111.6,10.0,0.0,111.2,5.93
4-4,siege_heavy,20.0,171.7,18.7,0.0,0.0,50.1,5.07
4-4,c_only,100.0,155.6,126.1,26.7,3.3,152.0,6.00
4-4,r_only,100.0,145.4,96.1,20.0,0.0,145.2,6.00
4-5,recommended,100.0,138.4,130.0,86.7,56.7,134.0,6.00
4-5,balanced,100.0,143.2,121.5,26.7,6.7,132.5,6.00
4-5,physical_only,100.0,147.2,109.3,13.3,0.0,128.9,6.00
4-5,arcane_heavy,100.0,147.1,102.6,23.3,0.0,129.1,6.00
4-5,holy_heavy,13.3,154.5,54.3,3.3,0.0,40.2,4.83
4-5,no_blocker,100.0,139.2,54.9,56.7,0.0,116.9,6.00
4-5,spam_cheapest,0.0,0.0,0.0,0.0,0.0,13.3,4.33
4-5,all_expensive,10.0,138.3,10.0,6.7,0.0,15.7,2.90
4-5,turtle,43.3,180.7,72.5,13.3,0.0,100.1,5.93
4-5,siege_heavy,36.7,153.8,90.2,6.7,0.0,75.3,5.37
4-5,c_only,100.0,148.6,112.0,16.7,0.0,130.3,6.00
4-5,r_only,100.0,140.5,62.1,53.3,0.0,117.3,6.00
4-6,recommended,100.0,137.8,130.0,80.0,66.7,149.0,6.00
4-6,balanced,100.0,148.0,128.5,66.7,10.0,148.6,6.00
4-6,physical_only,100.0,155.5,114.9,3.3,0.0,145.3,6.00
4-6,arcane_heavy,100.0,158.8,100.8,10.0,3.3,144.2,6.00
4-6,holy_heavy,13.3,163.4,88.5,0.0,0.0,53.6,5.43
4-6,no_blocker,100.0,144.7,95.4,10.0,0.0,140.6,6.00
4-6,spam_cheapest,0.0,0.0,0.0,0.0,0.0,16.2,5.27
4-6,all_expensive,46.7,147.0,30.6,3.3,0.0,79.5,5.40
4-6,turtle,13.3,189.0,67.3,3.3,0.0,73.5,5.97
4-6,siege_heavy,36.7,158.1,96.9,3.3,0.0,77.7,5.57
4-6,c_only,100.0,154.3,119.6,6.7,0.0,147.0,6.00
4-6,r_only,100.0,143.0,96.5,30.0,0.0,140.7,6.00
4-7,recommended,100.0,138.9,124.8,63.3,3.3,141.8,6.00
4-7,balanced,100.0,144.1,104.1,23.3,0.0,137.7,6.00
4-7,physical_only,100.0,148.2,121.7,20.0,0.0,141.0,6.00
4-7,arcane_heavy,56.7,153.7,71.2,3.3,3.3,100.8,5.70
4-7,holy_heavy,0.0,0.0,0.0,0.0,0.0,13.1,4.07
4-7,no_blocker,100.0,143.7,60.0,26.7,0.0,128.4,6.00
4-7,spam_cheapest,0.0,0.0,0.0,0.0,0.0,4.9,3.97
4-7,all_expensive,36.7,141.6,31.8,10.0,0.0,53.6,4.20
4-7,turtle,0.0,0.0,0.0,0.0,0.0,30.5,4.83
4-7,siege_heavy,10.0,154.8,30.7,0.0,0.0,32.5,4.23
4-7,c_only,100.0,147.9,119.3,6.7,0.0,140.6,6.00
4-7,r_only,100.0,141.5,89.6,30.0,0.0,134.1,6.00
4-8,recommended,100.0,140.6,128.8,70.0,36.7,112.8,6.00
4-8,balanced,100.0,147.5,99.3,16.7,3.3,107.9,6.00
4-8,physical_only,100.0,154.0,119.0,10.0,0.0,111.6,6.00
4-8,arcane_heavy,43.3,154.2,88.0,6.7,6.7,70.7,5.53
4-8,holy_heavy,0.0,0.0,0.0,0.0,0.0,7.1,4.00
4-8,no_blocker,60.0,142.9,62.5,23.3,0.0,78.3,5.40
4-8,spam_cheapest,0.0,0.0,0.0,0.0,0.0,0.2,3.70
4-8,all_expensive,10.0,137.4,26.0,6.7,0.0,16.8,3.17
4-8,turtle,23.3,172.1,86.7,0.0,0.0,39.8,5.00
4-8,siege_heavy,33.3,155.1,64.9,0.0,0.0,42.8,4.70
4-8,c_only,93.3,153.4,125.1,53.3,0.0,110.6,6.00
4-8,r_only,100.0,144.4,73.2,10.0,0.0,104.6,6.00
4-9,recommended,100.0,144.8,72.1,20.0,0.0,103.7,6.00
4-9,balanced,100.0,155.9,81.0,0.0,0.0,104.5,6.00
4-9,physical_only,90.0,162.9,38.5,3.3,0.0,95.5,5.90
4-9,arcane_heavy,100.0,155.4,83.0,6.7,0.0,104.6,6.00
4-9,holy_heavy,3.3,151.8,9.0,0.0,0.0,5.9,2.37
4-9,no_blocker,100.0,141.7,116.1,43.3,10.0,107.7,6.00
4-9,spam_cheapest,0.0,0.0,0.0,0.0,0.0,0.5,2.07
4-9,all_expensive,0.0,0.0,0.0,0.0,0.0,5.2,2.07
4-9,turtle,0.0,0.0,0.0,0.0,0.0,1.3,2.07
4-9,siege_heavy,0.0,0.0,0.0,0.0,0.0,0.0,2.07
4-9,c_only,3.3,150.0,20.0,0.0,0.0,15.6,2.20
4-9,r_only,100.0,145.5,81.8,13.3,0.0,104.6,6.00
4-10,recommended,100.0,198.5,130.0,80.0,0.0,96.0,5.00
4-10,balanced,100.0,216.2,119.2,56.7,0.0,94.7,5.00
4-10,physical_only,93.3,215.6,112.2,36.7,0.0,92.9,5.00
4-10,arcane_heavy,56.7,204.6,83.6,13.3,0.0,81.9,5.00
4-10,holy_heavy,0.0,0.0,0.0,0.0,0.0,10.4,4.23
4-10,no_blocker,93.3,179.2,118.1,33.3,3.3,94.5,5.00
4-10,spam_cheapest,0.0,0.0,0.0,0.0,0.0,0.4,4.10
4-10,all_expensive,30.0,190.0,64.6,6.7,0.0,35.0,3.83
4-10,turtle,0.0,0.0,0.0,0.0,0.0,10.5,4.43
4-10,siege_heavy,0.0,0.0,0.0,0.0,0.0,10.9,4.07
4-10,c_only,100.0,222.3,114.7,60.0,0.0,94.2,5.00
4-10,r_only,100.0,191.9,109.7,20.0,0.0,93.8,5.00
4-11,recommended,100.0,137.7,129.7,86.7,60.0,118.9,6.00
4-11,balanced,100.0,147.8,126.5,53.3,10.0,118.6,6.00
4-11,physical_only,100.0,149.2,124.2,3.3,0.0,117.9,6.00
4-11,arcane_heavy,100.0,154.1,117.2,33.3,6.7,117.4,6.00
4-11,holy_heavy,16.7,161.7,89.2,0.0,0.0,34.8,4.83
4-11,no_blocker,100.0,140.5,91.6,40.0,0.0,110.2,6.00
4-11,spam_cheapest,0.0,0.0,0.0,0.0,0.0,5.5,4.07
4-11,all_expensive,30.0,143.3,35.7,6.7,0.0,38.4,3.93
4-11,turtle,46.7,194.5,92.6,3.3,0.0,76.5,5.63
4-11,siege_heavy,30.0,161.6,71.7,3.3,0.0,56.5,5.03
4-11,c_only,100.0,153.8,128.4,46.7,3.3,118.6,6.00
4-11,r_only,100.0,139.2,112.5,56.7,0.0,114.6,6.00
4-12,recommended,100.0,142.9,83.7,33.3,0.0,112.4,6.00
4-12,balanced,100.0,149.3,77.7,6.7,0.0,111.8,6.00
4-12,physical_only,100.0,158.9,60.7,3.3,0.0,110.1,6.00
4-12,arcane_heavy,100.0,153.7,71.9,10.0,0.0,111.2,6.00
4-12,holy_heavy,0.0,0.0,0.0,0.0,0.0,4.5,3.00
4-12,no_blocker,100.0,142.1,109.7,26.7,0.0,112.0,6.00
4-12,spam_cheapest,0.0,0.0,0.0,0.0,0.0,8.8,3.00
4-12,all_expensive,0.0,0.0,0.0,0.0,0.0,4.3,2.00
4-12,turtle,0.0,0.0,0.0,0.0,0.0,8.6,3.00
4-12,siege_heavy,0.0,0.0,0.0,0.0,0.0,0.3,3.00
4-12,c_only,3.3,137.1,30.0,3.3,0.0,23.8,3.10
4-12,r_only,100.0,141.0,103.1,43.3,0.0,113.2,6.00
4-13,recommended,100.0,145.2,129.1,76.7,16.7,134.9,6.00
4-13,balanced,60.0,157.9,107.3,13.3,3.3,100.1,5.80
4-13,physical_only,70.0,165.8,100.2,10.0,0.0,111.8,5.90
4-13,arcane_heavy,3.3,149.8,130.0,3.3,0.0,30.1,4.87
4-13,holy_heavy,0.0,0.0,0.0,0.0,0.0,4.9,3.53
4-13,no_blocker,46.7,147.5,73.1,3.3,0.0,95.8,5.67
4-13,spam_cheapest,0.0,0.0,0.0,0.0,0.0,1.0,3.50
4-13,all_expensive,16.7,149.2,55.4,0.0,0.0,33.4,3.83
4-13,turtle,0.0,0.0,0.0,0.0,0.0,28.5,5.03
4-13,siege_heavy,6.7,160.4,46.5,0.0,0.0,28.9,4.57
4-13,c_only,70.0,171.7,93.3,6.7,0.0,111.8,5.90
4-13,r_only,86.7,152.1,62.1,3.3,0.0,117.1,5.90
4-14,recommended,100.0,143.6,130.0,80.0,26.7,137.0,6.00
4-14,balanced,96.7,157.3,115.5,40.0,0.0,131.4,5.93
4-14,physical_only,96.7,158.8,94.5,20.0,3.3,129.3,5.97
4-14,arcane_heavy,10.0,161.2,66.0,0.0,0.0,30.7,4.53
4-14,holy_heavy,0.0,0.0,0.0,0.0,0.0,3.5,4.00
4-14,no_blocker,100.0,148.7,83.5,16.7,3.3,132.8,6.00
4-14,spam_cheapest,0.0,0.0,0.0,0.0,0.0,1.2,4.03
4-14,all_expensive,16.7,142.0,66.2,3.3,3.3,29.7,3.63
4-14,turtle,6.7,198.1,9.0,0.0,0.0,21.2,4.67
4-14,siege_heavy,13.3,169.1,74.0,3.3,0.0,29.6,4.37
4-14,c_only,100.0,153.3,79.1,0.0,0.0,129.5,6.00
4-14,r_only,96.7,148.1,64.0,6.7,3.3,126.1,5.93
4-15,recommended,100.0,138.1,130.0,86.7,56.7,116.0,6.00
4-15,balanced,100.0,151.0,129.7,76.7,6.7,115.9,6.00
4-15,physical_only,100.0,164.0,107.6,3.3,0.0,110.9,6.00
4-15,arcane_heavy,100.0,157.1,125.5,60.0,6.7,115.2,6.00
4-15,holy_heavy,3.3,165.6,98.0,0.0,0.0,21.6,5.07
4-15,no_blocker,86.7,142.4,51.5,26.7,0.0,94.0,5.87
4-15,spam_cheapest,0.0,0.0,0.0,0.0,0.0,13.2,5.03
4-15,all_expensive,10.0,142.4,35.3,0.0,0.0,16.2,3.37
4-15,turtle,66.7,205.3,108.3,30.0,0.0,97.3,6.00
4-15,siege_heavy,30.0,161.4,88.3,3.3,0.0,52.0,5.47
4-15,c_only,100.0,157.4,115.2,3.3,0.0,113.4,6.00
4-15,r_only,100.0,146.7,62.4,13.3,0.0,101.8,6.00
4-16,recommended,100.0,145.5,130.0,80.0,16.7,118.0,6.00
4-16,balanced,93.3,153.7,100.3,23.3,3.3,111.2,5.93
4-16,physical_only,70.0,158.1,82.0,6.7,3.3,97.7,5.70
4-16,arcane_heavy,76.7,153.4,92.2,13.3,3.3,98.7,5.77
4-16,holy_heavy,0.0,0.0,0.0,0.0,0.0,7.6,4.07
4-16,no_blocker,100.0,144.1,126.5,60.0,20.0,117.6,6.00
4-16,spam_cheapest,0.0,0.0,0.0,0.0,0.0,1.9,4.00
4-16,all_expensive,0.0,0.0,0.0,0.0,0.0,26.0,3.53
4-16,turtle,0.0,0.0,0.0,0.0,0.0,17.2,4.57
4-16,siege_heavy,3.3,161.6,75.0,0.0,0.0,16.0,4.10
4-16,c_only,3.3,158.4,14.0,0.0,0.0,61.4,4.90
4-16,r_only,100.0,142.9,117.2,50.0,13.3,116.4,6.00
4-17,recommended,100.0,148.1,130.0,80.0,6.7,104.0,6.00
4-17,balanced,96.7,150.7,90.2,13.3,6.7,97.6,5.97
4-17,physical_only,80.0,154.6,94.8,20.0,0.0,89.1,5.73
4-17,arcane_heavy,46.7,151.4,70.6,3.3,3.3,58.3,4.97
4-17,holy_heavy,0.0,0.0,0.0,0.0,0.0,3.8,3.13
4-17,no_blocker,100.0,138.2,113.9,70.0,6.7,101.7,6.00
4-17,spam_cheapest,0.0,0.0,0.0,0.0,0.0,1.3,3.30
4-17,all_expensive,0.0,0.0,0.0,0.0,0.0,16.0,3.27
4-17,turtle,0.0,0.0,0.0,0.0,0.0,16.3,3.83
4-17,siege_heavy,10.0,158.5,29.0,0.0,0.0,15.6,3.47
4-17,c_only,3.3,154.1,60.0,0.0,0.0,42.7,4.13
4-17,r_only,100.0,143.5,110.3,23.3,6.7,101.3,6.00
4-18,recommended,100.0,148.0,130.0,80.0,10.0,107.0,6.00
4-18,balanced,93.3,168.5,115.8,53.3,3.3,101.3,5.93
4-18,physical_only,100.0,173.2,104.6,30.0,0.0,104.6,6.00
4-18,arcane_heavy,10.0,157.5,93.7,6.7,0.0,33.0,4.97
4-18,holy_heavy,0.0,0.0,0.0,0.0,0.0,4.1,4.10
4-18,no_blocker,96.7,156.1,86.3,23.3,6.7,102.3,6.00
4-18,spam_cheapest,0.0,0.0,0.0,0.0,0.0,1.3,4.37
4-18,all_expensive,16.7,153.8,66.8,3.3,3.3,20.5,3.50
4-18,turtle,0.0,0.0,0.0,0.0,0.0,10.3,4.57
4-18,siege_heavy,23.3,183.7,63.7,0.0,0.0,33.2,4.70
4-18,c_only,96.7,171.3,96.6,16.7,0.0,102.2,6.00
4-18,r_only,96.7,154.3,66.1,13.3,6.7,98.5,5.93
4-19,recommended,100.0,142.6,114.2,36.7,16.7,100.6,6.00
4-19,balanced,60.0,147.8,79.8,6.7,3.3,70.3,5.37
4-19,physical_only,46.7,151.3,75.8,3.3,0.0,61.1,5.03
4-19,arcane_heavy,36.7,150.2,65.8,6.7,3.3,48.4,4.77
4-19,holy_heavy,0.0,0.0,0.0,0.0,0.0,4.9,3.97
4-19,no_blocker,100.0,145.9,80.4,16.7,0.0,95.3,6.00
4-19,spam_cheapest,0.0,0.0,0.0,0.0,0.0,2.4,4.00
4-19,all_expensive,0.0,0.0,0.0,0.0,0.0,9.4,3.47
4-19,turtle,0.0,0.0,0.0,0.0,0.0,8.8,4.00
4-19,siege_heavy,3.3,153.5,19.0,0.0,0.0,18.2,4.10
4-19,c_only,3.3,158.9,20.0,0.0,0.0,35.2,4.07
4-19,r_only,100.0,143.9,83.8,23.3,0.0,96.2,6.00
4-20,recommended,100.0,202.2,130.0,86.7,0.0,98.0,6.00
4-20,balanced,80.0,207.5,111.5,23.3,0.0,91.2,5.93
4-20,physical_only,100.0,212.9,108.0,30.0,0.0,95.7,6.00
4-20,arcane_heavy,76.7,198.1,92.7,16.7,3.3,84.7,5.90
4-20,holy_heavy,0.0,0.0,0.0,0.0,0.0,15.0,5.07
4-20,no_blocker,56.7,178.2,128.1,43.3,20.0,96.7,6.00
4-20,spam_cheapest,0.0,0.0,0.0,0.0,0.0,5.3,5.00
4-20,all_expensive,0.0,0.0,0.0,0.0,0.0,26.6,4.27
4-20,turtle,0.0,0.0,0.0,0.0,0.0,11.7,5.00
4-20,siege_heavy,3.3,267.5,50.0,0.0,0.0,13.8,5.10
4-20,c_only,6.7,272.0,85.0,0.0,0.0,64.2,5.13
4-20,r_only,100.0,198.7,122.7,56.7,10.0,97.3,6.00
5-1,recommended,100.0,138.9,135.7,73.3,26.7,142.1,6.00
5-1,balanced,100.0,142.8,121.8,23.3,0.0,139.4,6.00
5-1,physical_only,100.0,145.1,115.2,10.0,0.0,138.0,6.00
5-1,arcane_heavy,100.0,148.3,114.5,16.7,3.3,137.9,6.00
5-1,holy_heavy,96.7,152.8,118.1,33.3,0.0,137.2,6.00
5-1,no_blocker,100.0,138.4,75.0,60.0,0.0,130.0,6.00
5-1,spam_cheapest,3.3,264.2,30.0,0.0,0.0,36.2,5.07
5-1,all_expensive,16.7,141.6,20.0,3.3,0.0,30.4,3.63
5-1,turtle,66.7,192.2,58.3,3.3,0.0,102.0,5.80
5-1,siege_heavy,43.3,156.4,70.0,0.0,0.0,82.5,5.67
5-1,c_only,100.0,139.8,130.5,53.3,6.7,141.1,6.00
5-1,r_only,100.0,139.6,83.3,50.0,0.0,131.7,6.00
5-2,recommended,100.0,151.2,91.3,16.7,0.0,132.3,6.00
5-2,balanced,100.0,163.7,85.5,10.0,0.0,131.1,6.00
5-2,physical_only,100.0,164.2,70.6,0.0,0.0,128.2,6.00
5-2,arcane_heavy,100.0,167.7,69.3,3.3,0.0,127.9,6.00
5-2,holy_heavy,63.3,186.3,60.0,0.0,0.0,95.8,5.50
5-2,no_blocker,100.0,147.5,110.3,16.7,0.0,136.1,6.00
5-2,spam_cheapest,0.0,0.0,0.0,0.0,0.0,12.5,3.83
5-2,all_expensive,0.0,0.0,0.0,0.0,0.0,8.9,3.00
5-2,turtle,0.0,0.0,0.0,0.0,0.0,13.1,3.83
5-2,siege_heavy,0.0,0.0,0.0,0.0,0.0,3.2,3.90
5-2,c_only,6.7,152.3,55.0,0.0,0.0,33.2,4.03
5-2,r_only,100.0,143.5,92.7,26.7,0.0,132.5,6.00
5-3,recommended,100.0,138.6,125.9,63.3,0.0,151.4,6.00
5-3,balanced,96.7,145.7,70.9,10.0,0.0,139.0,5.97
5-3,physical_only,100.0,145.9,124.1,6.7,0.0,150.9,6.00
5-3,arcane_heavy,30.0,147.6,67.4,6.7,0.0,73.9,5.00
5-3,holy_heavy,6.7,139.3,103.5,3.3,0.0,30.1,3.93
5-3,no_blocker,96.7,139.9,39.6,43.3,0.0,134.0,5.93
5-3,spam_cheapest,0.0,0.0,0.0,0.0,0.0,1.6,3.03
5-3,all_expensive,3.3,135.8,2.0,3.3,0.0,7.0,2.37
5-3,turtle,0.0,0.0,0.0,0.0,0.0,38.5,4.73
5-3,siege_heavy,16.7,151.2,30.2,0.0,0.0,33.3,3.67
5-3,c_only,96.7,146.2,118.8,16.7,0.0,148.8,6.00
5-3,r_only,100.0,140.0,82.1,43.3,0.0,143.5,6.00
5-4,recommended,100.0,139.8,113.6,43.3,6.7,105.7,6.00
5-4,balanced,100.0,148.8,109.9,10.0,3.3,105.2,6.00
5-4,physical_only,100.0,150.5,108.9,3.3,0.0,105.1,6.00
5-4,arcane_heavy,100.0,148.7,115.1,6.7,0.0,105.9,6.00
5-4,holy_heavy,96.7,161.5,69.4,6.7,0.0,98.0,5.97
5-4,no_blocker,100.0,142.5,123.2,36.7,0.0,105.6,6.00
5-4,spam_cheapest,0.0,0.0,0.0,0.0,0.0,16.0,4.00
5-4,all_expensive,0.0,0.0,0.0,0.0,0.0,9.3,3.00
5-4,turtle,0.0,0.0,0.0,0.0,0.0,15.4,4.00
5-4,siege_heavy,3.3,163.3,12.0,0.0,0.0,9.2,4.13
5-4,c_only,10.0,138.3,54.7,6.7,0.0,41.8,4.23
5-4,r_only,100.0,141.7,123.4,43.3,0.0,106.1,6.00
5-5,recommended,100.0,139.0,137.7,83.3,50.0,120.6,6.00
5-5,balanced,100.0,147.8,84.2,10.0,0.0,112.1,6.00
5-5,physical_only,100.0,147.6,122.4,13.3,0.0,118.2,6.00
5-5,arcane_heavy,10.0,145.5,36.0,0.0,0.0,25.4,3.97
5-5,holy_heavy,3.3,168.8,65.0,0.0,0.0,16.6,3.73
5-5,no_blocker,100.0,144.4,41.3,26.7,0.0,105.1,6.00
5-5,spam_cheapest,0.0,0.0,0.0,0.0,0.0,1.1,3.07
5-5,all_expensive,6.7,133.4,23.0,6.7,0.0,12.7,2.70
5-5,turtle,23.3,177.3,41.4,0.0,0.0,57.8,5.17
5-5,siege_heavy,16.7,154.8,40.4,0.0,0.0,24.3,3.60
5-5,c_only,100.0,146.7,124.4,3.3,0.0,118.5,6.00
5-5,r_only,100.0,143.6,59.7,20.0,0.0,107.8,6.00
5-6,recommended,100.0,141.1,103.0,43.3,0.0,113.6,6.00
5-6,balanced,100.0,144.9,93.2,23.3,0.0,111.8,6.00
5-6,physical_only,86.7,143.9,64.2,13.3,0.0,98.0,5.73
5-6,arcane_heavy,96.7,148.5,62.9,6.7,0.0,104.2,5.97
5-6,holy_heavy,40.0,163.3,56.7,3.3,0.0,61.0,5.03
5-6,no_blocker,100.0,141.8,85.7,33.3,0.0,110.4,6.00
5-6,spam_cheapest,0.0,0.0,0.0,0.0,0.0,13.7,3.87
5-6,all_expensive,0.0,0.0,0.0,0.0,0.0,2.1,2.03
5-6,turtle,0.0,0.0,0.0,0.0,0.0,20.4,4.00
5-6,siege_heavy,0.0,0.0,0.0,0.0,0.0,13.3,4.00
5-6,c_only,6.7,147.3,62.5,0.0,0.0,38.9,4.13
5-6,r_only,100.0,142.7,75.1,26.7,0.0,108.4,6.00
5-7,recommended,100.0,139.1,140.0,86.7,50.0,106.0,6.00
5-7,balanced,100.0,142.8,114.0,40.0,10.0,103.6,6.00
5-7,physical_only,100.0,142.7,137.0,73.3,16.7,105.7,6.00
5-7,arcane_heavy,76.7,148.4,93.5,6.7,3.3,88.1,5.73
5-7,holy_heavy,10.0,143.5,89.0,3.3,0.0,22.6,4.07
5-7,no_blocker,26.7,139.0,36.5,16.7,0.0,38.3,3.50
5-7,spam_cheapest,0.0,0.0,0.0,0.0,0.0,1.2,3.63
5-7,all_expensive,0.0,0.0,0.0,0.0,0.0,3.2,2.00
5-7,turtle,26.7,168.4,70.8,3.3,0.0,49.1,5.13
5-7,siege_heavy,26.7,152.0,77.5,0.0,0.0,39.3,4.63
5-7,c_only,100.0,144.6,140.0,80.0,26.7,106.0,6.00
5-7,r_only,100.0,141.5,82.4,46.7,0.0,100.6,6.00
5-8,recommended,100.0,148.2,137.9,66.7,6.7,97.7,6.00
5-8,balanced,80.0,157.7,81.4,3.3,0.0,80.0,5.83
5-8,physical_only,100.0,164.6,97.3,10.0,0.0,93.1,6.00
5-8,arcane_heavy,23.3,158.0,38.9,3.3,0.0,34.9,4.93
5-8,holy_heavy,0.0,0.0,0.0,0.0,0.0,2.7,4.30
5-8,no_blocker,86.7,145.0,42.0,16.7,3.3,79.8,5.63
5-8,spam_cheapest,0.0,0.0,0.0,0.0,0.0,2.2,4.67
5-8,all_expensive,0.0,0.0,0.0,0.0,0.0,1.8,2.43
5-8,turtle,0.0,0.0,0.0,0.0,0.0,8.2,5.03
5-8,siege_heavy,0.0,0.0,0.0,0.0,0.0,2.3,4.03
5-8,c_only,23.3,150.1,71.0,3.3,0.0,63.3,5.67
5-8,r_only,100.0,144.0,61.7,16.7,0.0,90.9,6.00
5-9,recommended,100.0,143.1,128.5,33.3,10.0,97.6,6.00
5-9,balanced,70.0,158.1,84.2,6.7,0.0,72.5,5.70
5-9,physical_only,50.0,155.4,69.1,0.0,0.0,57.7,5.07
5-9,arcane_heavy,50.0,161.9,67.6,0.0,0.0,55.2,5.40
5-9,holy_heavy,6.7,186.3,67.0,0.0,0.0,16.1,4.63
5-9,no_blocker,53.3,140.8,42.4,20.0,0.0,63.8,4.90
5-9,spam_cheapest,0.0,0.0,0.0,0.0,0.0,1.0,4.53
5-9,all_expensive,0.0,0.0,0.0,0.0,0.0,0.6,2.67
5-9,turtle,0.0,0.0,0.0,0.0,0.0,6.1,4.93
5-9,siege_heavy,0.0,0.0,0.0,0.0,0.0,9.0,4.60
5-9,c_only,10.0,155.9,80.0,0.0,0.0,42.7,4.83
5-9,r_only,100.0,144.1,52.8,23.3,0.0,91.9,6.00
5-10,recommended,100.0,204.7,127.7,6.7,0.0,97.5,6.00
5-10,balanced,100.0,218.2,107.2,0.0,0.0,93.4,6.00
5-10,physical_only,100.0,215.7,103.4,0.0,0.0,92.7,6.00
5-10,arcane_heavy,93.3,202.8,74.7,0.0,0.0,86.4,6.00
5-10,holy_heavy,63.3,216.8,57.6,0.0,0.0,74.8,6.00
5-10,no_blocker,20.0,182.4,106.7,3.3,0.0,92.3,6.00
5-10,spam_cheapest,0.0,0.0,0.0,0.0,0.0,15.4,4.00
5-10,all_expensive,0.0,0.0,0.0,0.0,0.0,4.7,2.97
5-10,turtle,0.0,0.0,0.0,0.0,0.0,17.7,4.00
5-10,siege_heavy,16.7,250.6,9.0,0.0,0.0,22.1,4.40
5-10,c_only,93.3,213.0,16.8,0.0,0.0,73.8,5.93
5-10,r_only,100.0,184.8,109.3,23.3,0.0,93.9,6.00
5-11,recommended,100.0,142.0,129.2,53.3,16.7,113.0,6.00
5-11,balanced,86.7,155.4,54.4,3.3,0.0,97.4,5.87
5-11,physical_only,100.0,160.4,114.0,6.7,0.0,111.5,6.00
5-11,arcane_heavy,76.7,159.4,103.7,20.0,3.3,94.9,5.80
5-11,holy_heavy,86.7,172.8,88.7,10.0,0.0,99.0,5.93
5-11,no_blocker,13.3,136.9,58.8,10.0,0.0,20.7,2.63
5-11,spam_cheapest,0.0,0.0,0.0,0.0,0.0,3.6,4.27
5-11,all_expensive,0.0,0.0,0.0,0.0,0.0,1.7,2.13
5-11,turtle,13.3,217.2,118.8,6.7,0.0,33.5,5.13
5-11,siege_heavy,0.0,0.0,0.0,0.0,0.0,9.1,4.30
5-11,c_only,100.0,151.1,135.2,56.7,3.3,113.4,6.00
5-11,r_only,90.0,146.2,46.3,6.7,0.0,95.5,5.77
5-12,recommended,100.0,145.2,138.6,70.0,20.0,117.8,6.00
5-12,balanced,90.0,163.5,94.4,10.0,3.3,101.0,5.73
5-12,physical_only,100.0,170.1,122.8,0.0,0.0,115.1,6.00
5-12,arcane_heavy,3.3,156.4,4.0,0.0,0.0,11.9,3.20
5-12,holy_heavy,6.7,148.2,37.0,3.3,0.0,13.9,3.40
5-12,no_blocker,96.7,153.2,49.4,3.3,0.0,100.8,5.93
5-12,spam_cheapest,0.0,0.0,0.0,0.0,0.0,1.8,3.03
5-12,all_expensive,10.0,148.1,20.0,3.3,0.0,12.9,3.03
5-12,turtle,60.0,199.0,54.0,0.0,0.0,83.3,5.83
5-12,siege_heavy,26.7,175.1,35.5,0.0,0.0,32.0,4.03
5-12,c_only,100.0,168.9,123.9,0.0,0.0,115.8,6.00
5-12,r_only,100.0,149.2,82.6,6.7,0.0,108.4,6.00
5-13,recommended,100.0,145.6,140.0,80.0,10.0,103.0,6.00
5-13,balanced,66.7,161.3,114.2,33.3,0.0,77.4,5.77
5-13,physical_only,90.0,162.7,100.7,13.3,0.0,96.7,6.00
5-13,arcane_heavy,3.3,159.5,92.0,0.0,0.0,23.7,5.20
5-13,holy_heavy,0.0,0.0,0.0,0.0,0.0,7.6,4.83
5-13,no_blocker,36.7,146.9,48.0,3.3,0.0,46.7,4.47
5-13,spam_cheapest,0.0,0.0,0.0,0.0,0.0,0.5,5.17
5-13,all_expensive,3.3,142.9,4.0,0.0,0.0,3.6,3.00
5-13,turtle,0.0,0.0,0.0,0.0,0.0,13.1,5.70
5-13,siege_heavy,0.0,0.0,0.0,0.0,0.0,9.9,5.00
5-13,c_only,80.0,163.3,79.1,6.7,0.0,84.1,5.80
5-13,r_only,93.3,148.0,40.8,10.0,0.0,90.4,5.90
5-14,recommended,100.0,139.4,140.0,83.3,43.3,77.0,6.00
5-14,balanced,100.0,146.0,137.8,76.7,13.3,76.8,6.00
5-14,physical_only,100.0,149.7,137.8,66.7,6.7,76.8,6.00
5-14,arcane_heavy,70.0,160.8,114.6,43.3,3.3,66.2,5.87
5-14,holy_heavy,26.7,159.9,120.5,16.7,3.3,35.7,5.43
5-14,no_blocker,80.0,139.2,32.8,36.7,0.0,66.4,5.90
5-14,spam_cheapest,0.0,0.0,0.0,0.0,0.0,2.4,4.73
5-14,all_expensive,26.7,141.2,24.6,3.3,0.0,22.3,3.83
5-14,turtle,26.7,191.7,91.3,13.3,0.0,43.1,5.87
5-14,siege_heavy,30.0,161.2,50.4,0.0,0.0,29.4,5.07
5-14,c_only,100.0,151.3,139.6,80.0,13.3,77.0,6.00
5-14,r_only,100.0,142.3,100.6,23.3,0.0,74.0,6.00
5-15,recommended,100.0,142.8,99.7,26.7,6.7,80.9,6.00
5-15,balanced,73.3,152.6,63.8,6.7,0.0,62.8,5.50
5-15,physical_only,63.3,146.5,52.0,6.7,0.0,59.9,5.30
5-15,arcane_heavy,16.7,146.2,38.6,3.3,0.0,14.4,3.50
5-15,holy_heavy,16.7,155.6,28.2,3.3,0.0,16.1,3.60
5-15,no_blocker,100.0,143.2,128.2,50.0,16.7,83.1,6.00
5-15,spam_cheapest,0.0,0.0,0.0,0.0,0.0,0.0,2.93
5-15,all_expensive,0.0,0.0,0.0,0.0,0.0,2.4,2.23
5-15,turtle,0.0,0.0,0.0,0.0,0.0,0.7,2.93
5-15,siege_heavy,0.0,0.0,0.0,0.0,0.0,0.0,2.93
5-15,c_only,3.3,142.8,49.0,0.0,0.0,9.6,3.03
5-15,r_only,60.0,144.6,60.4,10.0,0.0,63.6,5.40
5-16,recommended,100.0,145.6,94.0,30.0,0.0,83.8,6.00
5-16,balanced,76.7,152.9,56.8,6.7,0.0,69.0,6.00
5-16,physical_only,66.7,151.9,38.6,3.3,0.0,63.2,6.00
5-16,arcane_heavy,26.7,154.7,70.0,3.3,0.0,41.2,5.87
5-16,holy_heavy,13.3,159.2,49.8,3.3,0.0,22.2,5.57
5-16,no_blocker,100.0,139.6,123.6,36.7,0.0,89.8,6.00
5-16,spam_cheapest,0.0,0.0,0.0,0.0,0.0,0.0,5.03
5-16,all_expensive,0.0,0.0,0.0,0.0,0.0,14.5,4.17
5-16,turtle,0.0,0.0,0.0,0.0,0.0,2.8,5.13
5-16,siege_heavy,0.0,0.0,0.0,0.0,0.0,7.5,5.17
5-16,c_only,20.0,147.7,22.7,0.0,0.0,54.7,5.87
5-16,r_only,100.0,144.8,79.7,16.7,0.0,81.0,6.00
5-17,recommended,100.0,151.0,94.7,3.3,0.0,73.3,6.00
5-17,balanced,100.0,160.1,97.4,3.3,0.0,73.7,6.00
5-17,physical_only,100.0,165.6,85.9,0.0,0.0,72.2,6.00
5-17,arcane_heavy,70.0,175.7,94.3,0.0,0.0,68.0,6.00
5-17,holy_heavy,30.0,181.3,36.9,0.0,0.0,35.9,6.00
5-17,no_blocker,63.3,143.7,48.1,16.7,0.0,60.8,5.63
5-17,spam_cheapest,0.0,0.0,0.0,0.0,0.0,5.0,5.83
5-17,all_expensive,0.0,0.0,0.0,0.0,0.0,2.0,2.43
5-17,turtle,0.0,0.0,0.0,0.0,0.0,15.8,6.00
5-17,siege_heavy,3.3,164.6,12.0,0.0,0.0,15.8,5.80
5-17,c_only,23.3,151.6,36.0,0.0,0.0,59.9,6.00
5-17,r_only,100.0,148.6,86.7,6.7,0.0,73.5,6.00
5-18,recommended,100.0,142.5,131.0,56.7,16.7,111.1,6.00
5-18,balanced,40.0,147.1,99.7,6.7,0.0,67.2,5.37
5-18,physical_only,56.7,151.0,80.4,3.3,0.0,84.0,5.67
5-18,arcane_heavy,16.7,146.6,34.4,3.3,0.0,30.3,4.33
5-18,holy_heavy,3.3,144.9,21.0,0.0,0.0,16.0,4.03
5-18,no_blocker,90.0,140.6,55.5,36.7,0.0,94.1,5.90
5-18,spam_cheapest,0.0,0.0,0.0,0.0,0.0,0.8,3.43
5-18,all_expensive,0.0,0.0,0.0,0.0,0.0,4.1,2.77
5-18,turtle,0.0,0.0,0.0,0.0,0.0,24.4,4.93
5-18,siege_heavy,3.3,152.7,50.0,0.0,0.0,19.2,4.13
5-18,c_only,3.3,149.9,121.0,0.0,0.0,55.5,5.07
5-18,r_only,100.0,142.0,56.7,30.0,0.0,99.5,6.00
5-19,recommended,100.0,145.4,118.3,43.3,16.7,85.3,6.00
5-19,balanced,40.0,149.2,95.3,6.7,3.3,43.6,5.03
5-19,physical_only,40.0,148.1,77.7,3.3,0.0,50.0,5.03
5-19,arcane_heavy,30.0,146.3,60.1,6.7,0.0,37.1,4.73
5-19,holy_heavy,6.7,146.7,88.0,0.0,0.0,20.4,4.53
5-19,no_blocker,80.0,140.4,52.8,36.7,0.0,70.7,5.60
5-19,spam_cheapest,0.0,0.0,0.0,0.0,0.0,0.7,4.00
5-19,all_expensive,0.0,0.0,0.0,0.0,0.0,1.3,2.93
5-19,turtle,0.0,0.0,0.0,0.0,0.0,2.9,4.00
5-19,siege_heavy,0.0,0.0,0.0,0.0,0.0,1.6,4.00
5-19,c_only,10.0,151.9,36.0,0.0,0.0,33.7,4.23
5-19,r_only,86.7,142.1,62.8,20.0,0.0,74.6,5.73
5-20,recommended,100.0,167.5,102.0,83.3,0.0,76.4,6.00
5-20,balanced,100.0,185.1,70.5,13.3,0.0,70.3,6.00
5-20,physical_only,90.0,214.6,48.1,0.0,0.0,63.4,5.97
5-20,arcane_heavy,73.3,185.7,74.8,13.3,0.0,68.1,6.00
5-20,holy_heavy,40.0,186.8,54.0,3.3,0.0,49.0,5.93
5-20,no_blocker,80.0,178.0,124.8,33.3,3.3,80.9,6.00
5-20,spam_cheapest,0.0,0.0,0.0,0.0,0.0,0.0,5.43
5-20,all_expensive,0.0,0.0,0.0,0.0,0.0,4.7,3.87
5-20,turtle,0.0,0.0,0.0,0.0,0.0,3.6,5.43
5-20,siege_heavy,0.0,0.0,0.0,0.0,0.0,14.8,5.83
5-20,c_only,23.3,171.6,35.0,13.3,0.0,51.2,5.73
5-20,r_only,96.7,176.9,69.9,50.0,0.0,72.0,6.00